,ampl,autocor,br_fa,eta,famp,mad,stet_K,totvar,Q,M,pTime,pAmp,VType,EPIC,peak1_period,peak2_period,peak3_period,peak1_amp,peak2_amp,peak3_amp,num_sigpeaks
0,249.36266380000004,42,0.6167632120000001,0.219692407,136.86145430000002,49.77820905,0.802899079,25.73174132,1.0,-0.35,11.91,0.18,B,202610930,378.498566799999,37.849856679999895,19.920977199999946,0.09905350483210013,0.1544139387929872,0.12817666544103123,3
1,83169.0,20,2.557007855,0.16258574,932465.0018,7750.0,0.576560073,34663.09168,0.58,0.09,1.95,0.002,QPS,202876718,76.76215821000005,14.761953501923088,22.57710535588237,0.1991904135996174,0.007392494675411783,0.009431715992898042,2
2,63.48247792,4,1.0044626970000001,0.8276520759999999,51.00691268,10.44703231,0.7781237809999999,3.657261801,0.85,-0.01,13.16,0.06,N,203082998,383.81080454999847,13.234855329310292,21.322822474999917,0.18265714099782349,0.01219569840550718,0.025535914450507572,3
3,191.23567680000002,10,1.738385905,0.115937444,65.29611541,36.71003711,0.769270184,11.57941053,0.75,0.53,1.35,0.33,QPD,203083616,95.90159617499978,18.26697069999996,25.57375897999994,0.3018730693803217,0.01113827668491102,0.03161187535923834,3
4,3793.90131,37,1.332478453,0.002132441,4358.2673780000005,2119.02192,0.884780647,2193.052218,0.03,0.19,4.17,0.13,P,203318214,10.963099098571483,383.7084684500019,9.838678678205177,0.001145999332341334,0.007146142526617087,0.0011816368276063405,0
5,223.69556609999998,7,0.5869723170000001,0.078514442,247.31447740000002,72.6345709,0.827702831,14.46262045,0.06,-0.21,0.78,0.06,P,203337814,383.81066205000025,1000.0,1000.0,0.01818651405819552,1000.0,1000.0,1
6,689.3799142000001,16,2.852143102,0.036981404,397.7201622,78.13529697,0.669570737,109.6273001,0.77,0.62,2.23,0.09,APD,203343161,383.606426450001,34.87331149545464,1000.0,0.020355446630730873,0.0092029330549081,1000.0,2
7,58.10719042,152,0.7927002390000001,0.150212746,36.29653512,10.79932311,0.801829945,4.443245996,0.83,-0.14,61.46,0.08,QPS,203377650,127.93688479999976,6.733520252631566,7.52569910588234,0.35802593204889294,0.01845893845278398,0.035989340152975814,3
8,1825.3192179999999,36,2.729396944,0.008592966,1518.541794,10.73935119,0.232657041,50.26901348,1.0,-1.14,78.66,0.1,B,203382255,383.2998386999997,11.273524667647052,9.828200992307686,0.37276690800856294,0.0018412460321821063,0.002630308407893209,1
9,94.49088352,10,1.1857174240000001,0.139951416,199.6227435,29.25723496,0.8540896440000001,8.701223127999999,0.16,0.13,1.08,0.03,MP,203385048,383.81066505000035,34.89187864090913,1000.0,0.017787311594407575,0.014952693814957126,1000.0,2
10,116887.8722,39,4.888613298,0.0044638379999999995,92066.13098,16895.26463,0.7318840790000001,24977.39584,0.91,0.88,7.36,0.24,APD,203410665,383.810742149999,54.83010602142843,1000.0,0.026436084150533494,0.09726083345156923,1000.0,2
11,52648.139930000005,42,1.768952536,0.014006205,34991.88747,7254.742340000001,0.7186598829999999,8640.4467,0.83,0.37,18.7,0.45,S,203417549,383.8106913000001,47.97633641250001,25.58737942000001,0.33270160100372137,0.15596502304057067,0.0375533277123469,3
12,219.22362230000002,13,3.594275133,0.150175822,82.67412897,21.65363637,0.6858220509999999,12.26182249,0.82,0.64,25.36,0.17,APD,203429083,383.6062664499991,54.80089520714272,1000.0,0.03782849749506061,0.06765776245481082,1000.0,2
13,1088.680125,446,1.011019265,0.004823983,1973.400523,360.4344353,0.829046587,244.339841,0.32,0.29,6.76,0.05,QPS,203440253,127.93691126666621,38.38107337999986,25.587382253333242,0.7393460673902887,0.06585774807396606,0.017384912292911923,3
14,18154.399980000002,34,1.3489106530000001,0.004043642,14902.8297,5653.7795909999995,0.81306887,7000.490942,0.37,0.2,3.79,0.79,QPS,203465909,12.3744012435484,20.189812555263178,6.393440642500006,0.015811949339589473,0.019176881011670668,0.005565693149152105,2
15,77.88685104,168,2.249217511,0.146307476,44.3784984,11.36595058,0.772926027,4.323193481000001,0.72,0.44,1.56,0.09,QPD,203542463,383.81063125000077,18.27669672619051,31.984219270833396,0.521571786672974,0.05675743635273051,0.18027840616341817,3
16,720.7452722999999,13,2.78584177,0.11679829300000001,447.6521582,53.38301899,0.594382388,40.31112439,0.5,0.56,1.84,0.1,QPD,203559274,95.9526564250001,7.380973571153854,8.343709254347836,0.055156543031159966,0.001295038539715865,0.0041974318061150685,1
17,1047.763707,584,0.34175857200000004,0.052666672000000005,1000.907699,186.82924350000002,0.70314497,78.93392263,1.0,-0.36,95.25,0.04,U,203604427,191.90537675000084,34.891886681818335,19.190537675000083,0.7509780839082235,0.10192200478362023,0.021241050714083384,3
18,7781.746581999999,28,0.8375342159999999,0.029239057000000002,4886.757772999999,1660.886338,0.798969004,1687.7224350000001,0.78,-0.13,3.29,0.49,QPS,203637940,383.8107080500003,19.190535402500014,15.352428322000012,0.06672560729137092,0.049026041897910815,0.018194878481083126,3
19,10286.5,14,0.86860005,0.310876845,148756.2161,2029.25,0.8094820290000001,7580.88876,0.48,-0.39,2.63,0.003,QPS,203649927,383.8106740500007,1000.0,1000.0,0.011975550381000009,1000.0,1000.0,1
20,4397.097666,115,10.54002368,0.00095175,5069.245669,424.90090319999996,0.5648939000000001,369.5007104,1.0,1.04,47.57,0.08,APD,203664569,383.8105936000011,27.415042400000075,1000.0,0.5949648746432596,0.03755200812808978,1000.0,2
21,415.96941019999997,16,1.197724782,0.06679606,966.2512648000001,98.00098356,0.792366564,76.5445531,0.55,0.11,1.81,0.02,MP,203690414,127.93684270000013,38.38105281000003,19.190526405000014,0.1409006448459755,0.017314501724174237,0.013272624577360496,3
22,1129.934471,39,1.024787482,0.009659078,885.4817042999999,407.5233546,0.8318270720000001,422.2039098,0.24,0.01,4.9,0.09,QPS,203703016,378.7025458500011,9.467563646250028,12.623418195000038,0.041369808103521546,0.0020205288408368352,0.002703763635190742,1
23,26605.63983,31,0.902964482,0.0033878140000000003,69520.94338,8135.361854000001,0.823688485,11115.53774,0.38,-0.11,3.73,0.03,MP,203710077,14.196286424074026,127.76657781666626,18.25236825952375,0.003148198377144687,0.09107475334021914,0.007370594594553273,1
24,2218.0786359999997,23,2.102191408,0.021381532,1096.598254,406.69243389999997,0.761283817,556.7158860000001,0.53,0.52,3.29,0.13,QPD,203712588,191.90533902499965,38.38106780499993,1000.0,0.04175973739075421,0.025436859591018938,1000.0,2
25,7105.568548,40,0.505431242,0.03307171,5074.931961,1090.851658,0.661448281,1146.5057140000001,0.83,-0.42,31.08,0.46,B,203716389,383.6063555999999,7.377045299999999,11.624435018181817,0.28743273620114135,0.02895890233253586,0.07598940595964901,3
26,5956.574621,21,0.76076657,0.053315645999999994,2905.4248629999997,1066.3816160000001,0.788835466,945.2792561000001,0.87,-0.28,10.95,0.26,B,203725791,14.761943136538513,95.95263038750034,8.92582608255817,0.11470229838878668,0.028784194210875403,0.06074863311315172,3
27,9829.498725,16,2.998585168,0.019398086999999998,4337.757382,1603.66064,0.558570175,1651.585557,0.91,0.72,11.16,0.18,APD,203749770,378.7026556499995,9.965859359210514,21.039036424999974,0.31926126312333125,0.1044352264984432,0.08790794581366816,3
28,8107.266214,18,1.6949617240000001,0.023540784,4395.0358289999995,1353.482152,0.723287986,1117.4990189999999,0.9,0.37,4.94,0.29,APD,203750883,378.7025300000005,1000.0,1000.0,0.1941567185722031,1000.0,1000.0,1
29,433.67997310000004,15,2.005304735,0.036699685,177.9721977,74.08801455,0.772152548,38.72946471,0.42,0.47,1.81,0.08,QPD,203770366,383.81056270000045,19.190528135000022,29.52388943846157,0.10512308569671577,0.02991750792632782,0.02069583050505969,3
30,2340.605852,99,1.586813653,0.006138701999999999,2065.325449,572.045649,0.773795089,375.7942414,0.34,0.32,12.5,0.19,QPS,203770559,378.7026250500002,47.33782813125003,27.050187503571447,0.07530114485060008,0.06033742906520648,0.054481012478012424,3
31,394.7027373,23,1.138865201,0.025013101,347.0880628,152.187218,0.84805034,198.9117803,0.07,0.1,2.29,0.07,P,203770673,383.8105618999998,42.645617988888866,27.415040135714275,0.15232017196169242,0.02570572046512487,0.02291216119087273,3
32,14016.0,8,0.6950974459999999,0.654608607,534823.6037,2865.0,0.8003253109999999,19019.21278,0.29,-0.39,1.95,0.002,QPS,203774126,18.033461359523784,378.7026885499995,14.026025501851834,0.007108971358612048,0.07060048613597693,0.005384549117557187,1
33,1022.226152,74,1.90323989,0.002339233,856.8837721000001,378.89523629999997,0.833848233,224.7887831,0.17,0.49,8.93,0.18,QPD,203785905,383.81070664999925,21.32281703611107,42.64563407222214,0.2214359294820832,0.014870415725879495,0.051224696920748526,3
34,876.7332457999998,106,0.48318171600000004,0.04457751,627.8728669,188.17671,0.780790348,132.38661509999997,1.0,-0.59,35.65,0.11,B,203786695,383.81066135000077,42.64562903888898,22.577097726470633,0.08461042480879002,0.2986198665392532,0.10767746294090813,3
35,148.65266499999998,413,1.929060204,0.051275358,157.932783,34.72806426,0.760611613,13.46001971,0.43,0.06,1.28,0.09,QPS,203789325,383.81058149999944,21.3228100833333,17.445935522727247,0.8181830741764938,0.07788343378278277,0.05360683196317503,3
36,509.4438306,19,0.532062303,0.18053079,214.05231459999996,26.28577808,0.657956956,20.422307399999998,0.97,-0.41,29.89,0.14,B,203789507,383.8105161999988,38.38105161999989,23.988157262499925,0.13974214689674358,0.06273858655753653,0.06724546967517507,3
37,9016.445285,23,1.9117626159999999,0.010683158,6470.7582090000005,1639.716001,0.688918755,2344.3088789999997,0.84,0.37,4.0,0.72,APD,203791768,383.8106921000008,1000.0,1000.0,0.0614303200967836,1000.0,1000.0,1
38,7321.422887000001,74,0.615558643,0.010365105999999999,5913.794745,1527.6064470000001,0.8004027029999999,1214.838459,0.55,-0.25,4.46,0.47,B,203794605,63.11711534166648,27.050192289285636,17.213758729545404,0.40181329032290364,0.06210676972023732,0.046772398625561144,3
39,636.1368947999999,128,0.8918855790000001,0.007723356999999999,600.3141779,223.30195719999998,0.809219531,105.9022511,0.3,-0.06,14.71,0.1,QPS,203797163,383.8107012500018,20.200563223684302,38.38107012500018,0.20867339045210428,0.0856844738534194,0.1254207956540371,3
40,295.4879119,717,0.540560312,0.032880278,157.24257240000003,75.59102697,0.829456833,15.44858607,0.55,0.12,1.26,0.07,MP,203801323,127.86878323333289,38.360634969999865,1000.0,0.8733522230569094,0.14696604923379508,1000.0,2
41,7963.778573999999,102,4.133043449,0.00239532,5702.250306,1077.559317,0.724605473,1028.260796,0.97,1.1,7.31,0.2,APD,203806628,127.93689624999993,47.97633609374998,27.41504919642856,0.31109254998952685,0.08047827172520133,0.04049557414948809,3
42,180800.9611,43,1.0318050090000002,0.007607462,89407.33447,34121.51982,0.469167183,31700.239019999997,0.56,0.08,4.24,0.56,QPD,203810851,383.8105102999998,31.984209191666654,20.2005531736842,0.34031023173481917,0.0991493435181778,0.14004485333030622,3
43,4808.4056869999995,69,0.727053697,0.014342684,3652.2985240000003,894.8272383,0.783634481,682.6217793,0.84,-0.29,20.33,0.31,B,203822485,383.8106878000007,38.38106878000008,20.200562515789514,0.047202642514960313,0.12825267936061757,0.059734162287374076,3
44,238.5602965,740,1.481043031,0.033199242000000004,120.42299840000001,69.48112805,0.864331757,8.732138117,0.56,-0.12,0.68,0.17,MP,203822946,127.93688638333379,25.587377276666757,38.381065915000136,0.8706216480076442,0.054412579275119964,0.13037150270907302,3
45,2642.5907859999998,99,0.788494096,0.0017277920000000001,2196.014755,745.6995119,0.757878194,398.35605879999997,0.59,0.32,11.9,0.28,QPD,203824153,127.90285028333301,38.3708550849999,11.99089221406247,0.1647983380968948,0.06954987073221328,0.43180439047329333,3
46,399.72502910000003,638,1.5736010059999999,0.008181604,369.031657,165.7560804,0.860049405,90.2604467,0.07,0.03,3.97,0.09,P,203826403,191.90533897500018,1000.0,1000.0,0.799545263118359,1000.0,1000.0,1
47,21175.22802,56,0.7347943109999999,0.002831411,17702.61891,4267.329251,0.730741471,4177.6311590000005,0.83,-0.18,14.55,0.38,S,203833873,383.7085185999991,13.70387566428568,34.88259259999992,0.06124366346187868,0.15208747289153882,0.04463653704946473,3
48,238.37308790000003,28,0.898573682,0.036729514,180.62915139999998,51.30254689,0.815508627,71.49882552,0.3,-0.06,2.63,0.17,QPS,203837701,383.8106707499992,1000.0,1000.0,0.24535741584352902,1000.0,1000.0,1
49,40.18670414,46,0.7526100990000001,0.26313314,29.44395543,4.65434678,0.788757485,3.904040021,0.87,-0.13,50.36,0.22,S,203842632,383.1977158000018,22.541042105882457,42.57752397777798,0.008529666572222804,0.01724672892482735,0.1054469028672834,3
50,132.41048519999998,10,2.7787138039999997,0.07495908400000001,68.85376322,21.35067124,0.7586331959999999,6.888048181,0.53,0.69,1.35,0.14,QPD,203843009,191.90525522500025,1000.0,1000.0,0.06899035368747022,1000.0,1000.0,1
51,27016.552069999998,52,1.048478271,0.0018330520000000002,22478.32461,8161.22265,0.7807339640000001,7317.415421,0.31,0.1,8.93,0.35,QPD,203843911,377.6810210500003,41.964557894444475,25.178734736666687,0.053846896819843025,0.04047223365587912,0.07495100282685083,3
52,851.1133950999999,72,0.791739592,0.009259775999999999,1353.836493,345.2149037,0.789666855,236.0635826,0.17,-0.13,8.06,0.05,QPS,203848625,29.130966415384588,75.74051267999994,18.935128169999984,0.02569663551409904,0.04793547174497421,0.018204267667369423,3
53,203.97517109999998,812,1.9403926009999999,0.00959046,247.8456757,89.15892282,0.9130733390000001,13.43210799,1.0,0.03,78.76,0.07,L,203848661,127.93688773333389,38.38106632000017,12.79368877333339,0.9650936300056595,0.14226957377448515,0.009575092702419016,3
54,19.93688896,211,1.290053007,0.42221979200000004,12.95323566,3.912986175,0.8006528,1.9862986809999998,0.84,0.14,39.64,0.23,QPS,203849739,383.7085085499985,1000.0,1000.0,0.32623699646015375,1000.0,1000.0,1
55,439.0528546,34,1.061957692,0.017516134,275.2589862,80.80231992,0.76942381,88.53288124,0.66,0.03,2.87,0.22,QPD,203850058,14.215210333333275,127.93689299999944,18.276698999999923,0.0338290604375982,0.15618188514228135,0.026089183320966495,3
56,19792.89666,32,0.7444103559999999,0.0019527829999999998,18142.0685,6124.08636,0.672002471,8596.81026,0.38,-0.14,3.91,0.18,MP,203850605,126.2342132333333,1000.0,1000.0,0.002587523340017903,1000.0,1000.0,0
57,2138.270427,47,1.069359552,0.018535647,2758.572916,428.7446074,0.642013175,506.1241181,0.42,0.07,3.52,0.04,MP,203851860,191.90535902499957,34.891883459090835,19.190535902499956,0.22321885775975214,0.0625566555265851,0.012600750098866924,3
58,138.2903569,124,1.139135992,0.055568621,116.9915794,23.52418678,0.741733896,22.66218651,1.0,-0.3,79.48,0.12,B,203852282,383.8106849499991,27.415048924999937,47.976335618749886,0.3155555293309146,0.2364066084894431,0.07703998138977243,3
59,364.8725145,87,0.18272432100000002,0.100569547,259.73277909999996,31.45285513,0.624468589,23.14052959,0.92,-1.0,55.84,0.1,B,203856109,47.97631446250023,16.687413726087037,1000.0,0.34303285018144825,0.05708218495635212,1000.0,2
60,719.3528658,40,0.8893185140000001,0.014412462,482.45720889999996,203.0153583,0.795688042,152.924894,0.7,0.29,4.03,0.08,QPD,203856244,383.8106718499989,38.38106718499989,1000.0,0.41048714922424245,0.2014102786219077,1000.0,2
61,1276.314562,53,1.5316378640000001,0.002104464,945.5102187000001,455.3416926,0.85635295,373.3408604,0.08,0.4,6.25,0.2,QPD,203860592,383.8106849499991,63.968447491666524,29.523898842307624,0.015048730189601145,0.022812222468197238,0.009863286245453807,3
62,69.38406986,16,1.8909230469999998,0.48692215200000005,19.82259319,6.50920328,0.733026567,5.708554806,0.67,0.38,4.31,0.16,QPD,203862309,47.97633567500014,383.81068540000115,12.793689513333371,0.05892267800158398,0.04867051390118445,0.020401795625538253,3
63,24.3246991,42,0.703434243,0.662015008,17.19540402,2.61243705,0.763138445,1.9461702159999998,0.75,-0.14,4.1,0.14,QPS,203863066,29.46888904615382,63.84925959999994,3.8309555759999965,0.18103907169600217,0.055726157027403106,0.007734360124094601,2
64,95.30528617,26,0.8006167609999999,0.048312164000000005,71.33424629,14.30674251,0.75510528,13.80528807,0.93,-0.25,13.22,0.56,B,203864032,63.95141848333309,7.379009824999971,22.571088876470505,0.05126219553811575,0.05007643936310973,0.020375040988616595,3
65,310.07802589999994,666,1.221862865,0.012003458,247.8681708,132.98057340000003,0.8497383490000001,65.5166446,0.13,-0.12,3.16,0.09,P,203867167,127.93688585000001,38.38106575500001,25.587377170000007,0.8037805827358683,0.08373257424226051,0.02474104759153663,3
66,211.8958605,85,0.5843803089999999,0.023498637000000003,172.8545364,38.21319354,0.786414987,32.1517974,0.57,-0.24,12.5,0.18,QPS,203870022,22.577098997058943,63.96844715833367,15.992111789583417,0.08148984607084479,0.07997142498689512,0.2117025438853573,3
67,777.1068837,45,0.77599021,0.006992248,542.8773164,209.46634319999998,0.830787319,153.8029429,0.96,-0.19,10.24,0.24,S,203870058,383.81069230000094,42.64563247777788,1000.0,0.3460157329282006,0.09319552902283809,1000.0,2
68,23269.5,26,0.721403679,0.17501928100000003,304580.8955,5085.75,0.80106316,13691.394240000001,1.0,-0.03,7.4,0.004,N,203876897,76.7621087100001,6.39684239250001,16.687414936956547,0.1910610671965301,0.0077631266977898515,0.02433390365953476,2
69,98.72176905,21,0.695377393,0.074115927,68.76919475,26.19896067,0.809262748,5.671102176000001,0.08,-0.09,1.62,0.13,P,203877533,95.95266017499966,10.966018305714247,19.190532034999933,0.4304995403990581,0.0018504541071317025,0.00751895894588464,1
70,3060.713832,744,0.906683738,0.08215836,24822.79263,888.9703807,0.843368723,951.3314572999999,0.66,0.13,0.28,0.02,MP,203881373,191.90532992499922,38.38106598499984,15.35242639399994,0.8144742638830499,0.11043068344292745,0.01617007993366875,3
71,73.56212695,25,1.1309055590000001,0.137118944,48.82238388,17.06966336,0.798558909,20.30511785,0.6,0.05,2.4,0.52,QPS,203881640,23.988167109375095,95.95266843750038,38.38106737500016,0.07991126175270327,0.13580259578441792,0.025274816844374055,3
72,201.1509794,52,4.802709126,0.031899784,141.1873034,28.52272716,0.7077384590000001,37.52853586,0.38,0.96,6.76,0.21,QPD,203887087,383.8106885499996,42.645632061111066,1000.0,0.1145495950736403,0.021799312953522356,1000.0,2
73,1838.3402899999999,53,0.813592785,0.06124587,1911.7097379999998,326.9701956,0.7651313479999999,263.5005827,0.94,-0.13,8.19,0.05,S,203889938,95.95262500000047,27.41503571428585,54.8300714285717,0.14025499183608692,0.06036780549154849,0.16118897050517145,3
74,15.01209895,76,0.486985715,0.994980772,9.123316173,1.952855205,0.752604348,0.9148143990000001,1.0,-0.14,77.8,0.21,U,203891751,76.76213617999974,42.645631211110974,22.577098876470515,0.08965431939151204,0.11652635639992306,0.08589095198442305,3
75,6045.659488,663,2.2762662430000002,0.00033976,5647.607298,1974.012045,0.7905879570000001,703.391484,1.0,0.6,24.38,0.31,APD,203892903,95.95265357500011,34.89187402727276,21.322811905555582,0.770513678546568,0.12576407559918318,0.02381491353031138,3
76,96.07841836,31,12.22547843,0.044778175,96.63648419,5.80782299,0.328832565,5.710269604,1.0,0.26,8.34,0.14,APD,203893434,63.96844600833333,31.984223004166665,20.20056189736842,0.09803633171342173,0.20010362535720894,0.10056187257620355,3
77,154.0507731,47,0.385766204,0.057838732000000004,191.54684939999999,28.729112199999996,0.18502224399999997,37.39061984,0.56,-0.43,3.97,0.19,QPS,203893891,22.565080932353045,383.6063758500017,38.36063758500017,0.003455657961269795,0.08595868968968581,0.045107379155258184,2
78,19.19793205,215,0.361234467,0.482436395,13.09232076,2.54157239,0.765140006,0.839431748,0.71,-0.16,1.36,0.12,QPS,203895738,94.70119901249973,9.019161810714259,15.783533168749953,0.25132619488351104,0.00024393213787479075,0.032843123335125526,2
79,11479.496790000001,23,1.122029631,0.010045504,7575.705228,2231.053438,0.78972549,2796.053962,0.74,0.08,2.45,0.11,QPS,203895983,95.82492247499998,27.378549278571423,1000.0,0.1610095732342872,0.0351549057542747,1000.0,2
80,145.1685428,834,1.120457064,0.021645452000000003,158.0503539,60.49161677,0.846343287,9.340834409,1.0,0.19,21.68,0.08,L,203896277,383.8106778999986,1000.0,1000.0,0.9330114086633369,1000.0,1000.0,1
81,16999.63954,64,0.388965461,0.021959104,12404.80415,3080.622954,0.708985341,2849.606758,0.61,-0.83,5.95,0.48,B,203899786,378.7026068499995,10.235205590540525,19.931716149999975,0.3519873342886855,0.01989976892010773,0.003910429983949306,2
82,20.9441413,110,1.5176942740000001,0.783940152,14.54480532,3.17608297,0.7570320209999999,1.3095615520000001,0.95,-0.04,23.54,0.08,N,203904213,383.810680900001,20.200562152631633,29.52389853076931,0.19895264395491366,0.15562577719316875,0.11343460117064282,3
83,422.28542239999996,132,0.419995259,0.009572659,327.4883809,85.47947295,0.8148049270000001,72.60984918,1.0,-0.66,23.82,2.11,B,203905576,191.90532885000042,12.380988958064542,34.89187797272734,0.2683079927897294,0.008257945502728122,0.21141628257837172,2
84,28956.631530000002,123,0.734867197,0.016819733,26138.57791,6824.284876999999,0.75028539,4184.431705,1.0,-0.31,24.07,0.18,B,203905625,378.49833045000196,1000.0,1000.0,0.06570892802234526,1000.0,1000.0,1
85,530.3738403,16,0.6862295629999999,0.01370951,210.8219792,156.5489818,0.827644983,114.8331071,0.36,-0.29,1.89,1.13,QPS,203905980,27.050189260714237,378.70264964999933,1000.0,0.002087970592668052,0.008655431555987633,1000.0,1
86,16.33183885,19,1.068094736,0.762367702,5.790502781,3.06992428,0.78077633,0.804072124,0.77,0.0,1.41,0.16,QPS,203912136,63.95139168333345,21.317130561111146,15.987847920833362,0.31254443929697023,0.047363617563241214,0.02234835018035318,3
87,589.3289936000001,61,0.516828495,0.009270007,403.3912308,119.27814129999999,0.799700339,104.5842078,0.82,-0.11,28.05,0.44,S,203912674,383.81064745000003,34.891877040909094,14.761947978846154,0.0342250653183709,0.3366170961963413,0.05624426138933378,3
88,16195.60785,183,0.968715269,0.015796945,14066.72791,4450.980318999999,0.789693035,2211.583581,1.0,-0.37,13.53,0.26,S,203913804,126.20015909999968,12.62001590999997,31.55003977499992,0.4432983487691873,0.015112984778793212,0.0877359786530141,3
89,85.43920371,185,1.040557412,0.323235338,51.71086255,11.84352737,0.754396815,8.58530558,1.0,0.04,37.86,0.08,U,203914960,383.81065659999877,27.41504689999991,47.976332074999846,0.08514101278967168,0.179528952776768,0.3158525088895556,3
90,440.88824220000004,22,0.823028538,0.019514148999999998,228.2199685,79.35695484,0.778627574,115.7597318,0.42,-0.06,2.87,0.36,QPS,203915424,383.81067190000067,31.98422265833339,18.276698661904792,0.011490982513943131,0.00827600244192122,0.004706911053791905,1
91,759.7758192000001,760,2.125334656,0.01250247,2240.003244,301.7851117,0.8399750159999999,106.8717758,1.0,0.1,6.93,0.03,L,203916376,377.9875094499994,1000.0,1000.0,0.977216849270143,1000.0,1000.0,1
92,128.2310634,20,1.133890307,0.025874327000000003,88.34181338,31.20728648,0.8048231840000001,34.31623596,0.71,0.09,2.58,0.38,QPS,203917608,383.8106772000015,1000.0,1000.0,0.02263813856967189,1000.0,1000.0,1
93,119.78653349999999,248,3.828586428,0.080290268,93.21377894,19.30288473,0.7245376659999999,12.83275928,0.94,0.86,64.67,0.2,APD,203919315,63.968445374999874,31.984222687499937,20.200561697368382,0.3113813141594008,0.38417683906965056,0.1067036306905613,3
94,13.37055989,193,0.692155216,0.9632224779999999,7.620790717,2.31428446,0.7956509070000001,0.633599007,1.0,-0.04,12.77,0.69,N,203920354,95.74834222499987,7.092469794444434,21.277409383333303,0.40164902815205505,0.004286529909029046,0.01946231358636915,2
95,88.95910131,812,0.800626913,0.134173823,60.71951159,37.11202267,0.919591347,5.143007142,1.0,0.02,40.29,0.09,N,203923185,95.95266064999976,38.3810642599999,19.19053212999995,0.8804581401525954,0.031013306724697227,0.04980334250433229,3
96,9741.958523000001,32,1.3756592330000001,0.00308815,9912.755705,3015.819059,0.855943569,3959.175956,0.18,0.27,3.47,0.07,P,203924502,126.23420346666688,37.87026104000006,25.246840693333375,0.07392076776828793,0.013174148804649144,0.011311573645773567,3
97,346.5639362,485,1.213875823,0.003241318,335.6520956,85.32389828,0.773335821,14.33793758,1.0,0.09,37.51,0.36,L,203925443,383.8106818999995,42.64563132222217,25.5873787933333,0.7632181752276423,0.5865186438303602,0.13180082331480744,3
98,27.979196299999998,66,1.5350841819999999,0.250381906,18.20802231,4.55025057,0.7945064709999999,3.280048106,0.88,-0.12,9.3,0.46,S,203926424,383.6063378499989,47.950792231249864,23.975396115624932,0.18367460876528136,0.3278114150300416,0.10660179331946584,3
99,19278.68467,280,2.439486323,0.007830076,15198.06145,4214.065746,0.74184717,1222.7633349999999,0.5,0.58,0.69,0.17,APD,203927902,63.86628745000015,1000.0,1000.0,0.4880435258700057,1000.0,1000.0,1
100,5027.936442,36,0.39786941600000003,0.0035527590000000004,4539.4447740000005,1576.397146,0.7620812929999999,1752.937493,0.54,-0.66,4.39,2.41,B,203928175,18.262104859523856,8.716004592045476,10.092215843421076,0.035762560074361,0.001477354652402521,0.06195751343401175,2
101,167.1637019,40,0.7633100970000001,0.024374543,140.0797217,49.87708876,0.819609157,63.65876054,0.2,-0.07,3.57,0.12,QPS,203929332,383.8106529499987,38.38106529499987,15.352426117999947,0.3129245784701791,0.09287634678044707,0.0021290033646682556,2
102,89425.59388,40,0.947243542,0.004178826,66731.67646,11517.95727,0.6052331470000001,13443.164190000001,0.88,-0.11,21.02,0.11,S,203930599,383.8106724999989,47.97633406249986,27.415048035714207,0.05188809659755608,0.09020386858252283,0.04499630047827619,3
103,1770.8512469999998,8,1.128479464,0.7575892409999999,28791.47143,238.77126209999997,0.7468253229999999,1208.417866,0.97,0.1,41.25,0.002,N,203931628,383.8106023499995,15.99210843124998,11.288547127941161,0.0341033625179061,0.048516624380037246,0.019497541922174285,3
104,754.8511529,818,1.19097368,0.004927894,823.1296966,352.87697579999997,0.898629352,132.5416012,0.49,0.35,2.38,0.08,QPD,203933268,191.90532415000007,25.587376553333343,19.190532415000007,0.9078232343043661,0.03930775113751317,0.03163966214029241,3
105,2279.83139,54,0.795740907,0.0036705640000000003,3773.0430950000004,640.7214157999999,0.8115265970000001,644.8640571000001,0.74,-0.15,5.81,0.03,QPS,203934728,383.7084921499991,42.63427690555545,17.44129509772723,0.14917557450736493,0.194635730896845,0.01672188430512078,3
106,26901.70822,49,0.613875319,0.024034339,21422.23307,5637.970739,0.642186087,5375.6866310000005,1.0,-0.31,19.78,0.13,B,203935537,383.8106470999992,21.32281372777773,10.661406863888866,0.024192746279251026,0.26491731110975336,0.049560790640064724,3
107,1859.751093,55,2.993653215,0.001950672,1504.065844,468.3086865,0.7518198140000001,454.57258319999994,0.66,0.79,8.93,0.55,QPD,203936815,383.6063354500016,38.36063354500016,23.9753959656251,0.18305300914868883,0.12295871225196538,0.0542323183211036,3
108,6162.968041,24,4.042861612,0.009834515,4811.291046,816.5042199,0.655249723,1386.448754,0.85,0.81,7.8,0.07,APD,203937317,15.352426061999992,19.190532577499994,383.8106515499999,0.0018546084627473513,0.007229749027084169,0.01195143416477132,1
109,161.5636655,16,0.75770504,0.265190257,140.65825769999998,37.63216932,0.822236568,10.94676573,0.31,-0.06,1.61,0.07,QPS,203938167,127.80063000000004,19.170094500000005,27.385849285714293,0.1726507346683333,0.04699898253552854,0.00932069618629631,3
110,17.15599131,43,0.7517887,0.571637093,12.49450823,3.008191045,0.7939811840000001,2.703511928,0.8,-0.05,2.55,0.11,QPS,203938591,12.377693467741915,47.96356218749992,10.370499932432415,0.007280188900955357,0.05895012864136198,0.014307286881103115,2
111,1691.020124,735,1.303916603,0.008773225,5362.948433,765.1844095,0.8466153790000001,403.08385899999996,0.59,-0.06,2.05,0.02,MP,203941868,378.7026216000003,42.07806906666671,25.246841440000026,0.8037726605871549,0.15358550220956618,0.04343173161591801,3
112,52.93180277,588,0.588742674,0.338691645,107.988996,13.21061992,0.809671488,4.970926052,1.0,-0.09,69.22,0.04,N,203943710,191.8542359749995,18.271831997619,38.370847194999904,0.7732992495472868,0.05559118578283467,0.19090235663270608,3
113,194.94078530000002,177,1.3711990840000001,0.21140715,158.9639503,10.66585188,0.718859482,12.58012615,1.0,-0.22,31.85,0.14,N,203945512,383.8106633999996,15.352426535999987,12.380989141935473,0.31608099598397177,0.0936988173941963,0.014633920278109558,3
114,13.88022925,4,0.960731023,1.2942813359999998,6.219400378,1.9413974999999999,0.78012472,1.387402636,0.84,0.0,28.69,0.16,S,203946909,6.613902528448261,4.310183670224709,4.855776539873406,0.005734892665373351,0.011771362005733216,0.002817491747721505,1
115,95.31804435,401,2.25928797,0.078671756,98.79095662,26.47731163,0.839423549,7.344606237000001,1.0,-0.18,45.89,0.06,L,203947305,383.81062835000193,38.38106283500019,1000.0,0.5898219882581116,0.5854904712083376,1000.0,2
116,2804.763542,80,5.000147874,0.004535411,2665.699751,337.8682481,0.6835866209999999,395.9876427,0.94,0.8,8.09,0.13,APD,203950167,382.9933221499982,27.356665867857014,38.29933221499982,0.392159779657378,0.022867529884294996,0.10709553300092693,3
117,471.86611849999997,337,0.26045920300000003,0.0048828909999999994,1065.324868,104.1206863,0.740148465,76.98217476,1.0,-0.83,34.45,0.17,B,203953466,383.50416675000133,42.61157408333348,25.566944450000086,0.5510723980679999,0.419233981894608,0.12297448859746024,3
118,9019.500234000001,70,0.035761725,0.0027092229999999998,8520.931245,243.6875866,0.720538661,669.8482286000001,0.61,-1.35,20.83,2.17,B,203954898,383.50416945000006,54.78630992142859,1000.0,0.014822643904780912,0.06565972865745758,1000.0,2
119,500.3547384,724,1.580747209,0.004823811,642.438901,164.3080106,0.814118846,50.78513738,1.0,0.19,34.78,0.07,L,203955457,383.8106390999997,27.41504564999998,38.38106390999997,0.901003208282247,0.06841969116380742,0.2060977183448161,3
120,78.42154226,15,1.180562803,0.40772766899999996,38.01588844,14.63627401,0.797725182,3.415991398,0.53,0.24,0.68,0.09,MP,203956650,378.7026374999982,27.050188392857017,47.33782968749978,0.22543798988482436,0.1423745805045588,0.08124888595839347,3
121,251.827494,35,2.13858295,0.018638274,188.7861477,42.36869451,0.667453079,48.16885146,0.88,0.51,15.94,0.41,APD,203962599,42.645628477777734,383.81065629999966,1000.0,0.01346996480112838,0.03162266202312203,1000.0,2
122,288.69267080000003,37,2.772016128,0.030807183,181.6267092,51.652995000000004,0.74941465,57.84661634,0.74,0.68,4.9,0.44,QPD,203969672,383.60633904999986,20.189807318421046,29.508179926923063,0.0364697752783284,0.03906128747241067,0.08046889716594581,3
123,1211.771731,39,1.063394578,0.010253904,2124.046092,303.3219339,0.813153518,404.5409147,0.45,0.07,3.38,0.04,QPS,203969721,383.70849335,22.571087844117653,38.370849335,0.22980153922864957,0.031402343957709855,0.12009025206762715,3
124,22.66770362,13,1.115964465,0.250817754,13.28282174,6.49995078,0.807028106,5.112634234,0.84,0.14,3.68,0.31,S,203971352,27.050187889285713,8.41561401,378.70263045,0.020592315899021694,0.044751109511124126,0.008705858553614708,3
125,241.0279941,59,1.146252169,0.033772504,535.9083469999999,88.31871979,0.838786795,77.70301764,0.23,0.12,6.41,0.04,QPS,203972079,383.8106274500001,23.988164215625005,18.2766965452381,0.14778557385179106,0.006903570644518746,0.0069739629034841,1
126,1305.011364,8,0.829107705,0.028161858999999997,644.290609,570.6703871,0.85211885,55.51970374,0.09,-0.07,0.82,0.11,P,203981774,191.90532224999973,25.587376299999963,38.38106444999994,0.09476134520851556,0.0076384125586687335,0.018450787668468825,2
127,190.0320171,755,2.220291994,0.015899922,187.96769619999998,76.14229179,0.85804033,10.71893877,1.0,0.07,78.76,0.08,L,203982074,191.9053201500003,38.38106403000006,25.587376020000036,0.9778840860616227,0.19933414745075972,0.06822405443132402,3
128,452.34309460000003,656,1.81596326,0.01337005,848.6762656999999,154.18405959999998,0.851042227,98.2763293,0.57,0.09,6.41,0.04,QPS,203987773,191.9053214999997,38.38106429999994,25.58737619999996,0.7819488432715407,0.15521134157696437,0.043589489386808955,3
129,3219.394502,40,2.4404754090000003,0.003608653,2335.878153,771.0105427999999,0.7138183640000001,844.4593837000001,0.53,0.67,5.1,0.41,QPD,203995761,383.7085107500002,1000.0,1000.0,0.003193549183206078,1000.0,1000.0,0
130,105.1737746,19,0.463374753,0.203713804,67.48784504,15.46913936,0.772883975,8.910142429,0.69,-0.31,1.41,0.06,QPS,204078097,127.93682579999995,31.984206449999988,15.352419095999993,0.329754449515807,0.06053986222514529,0.023108651421110495,3
131,269.9075771,11,0.698569143,0.360769425,171.0100325,42.23391546,0.061269239,20.97931148,0.6,-0.21,1.66,0.05,QPS,204094503,3.641369727884624,4.028749486170222,4.508362520238106,0.7738409127701533,0.7615497670523032,0.745262029889867,3
132,95.17678167,14,1.480205939,0.16833312399999997,61.92227057,9.49704517,0.6951351640000001,5.677684362999999,0.88,0.55,3.23,0.13,APD,204107757,383.2996629499985,22.547038997058735,31.941638579166536,0.09579225890284856,0.05719201087172198,0.08199505714812708,3
133,54.2088121,10,1.117078088,0.668078932,24.65779263,7.94150473,0.774788202,4.091628421,0.61,0.06,1.21,0.11,QPS,204108293,63.96840935000001,21.32280311666667,1000.0,0.10676480830978362,0.017765448411846244,1000.0,2
134,20804.14144,17,0.641137118,0.035155532,8479.433431,3957.2815530000003,0.785708044,3647.631801,0.85,-0.35,10.67,0.98,B,204130613,383.8104989999988,1000.0,1000.0,0.01575832464876155,1000.0,1000.0,1
135,2573.094724,22,9.243965792000001,0.0054915369999999995,1699.177237,210.9213671,0.649555664,696.3191702,0.58,1.24,2.63,0.21,QPD,204137184,63.96840833333347,1000.0,1000.0,0.0873880519007201,1000.0,1000.0,1
136,4110.097815,40,1.462249748,0.005434215,2796.006938,862.7537612,0.671828896,823.3196742,0.58,0.3,6.94,0.42,QPD,204142243,8.925827208139507,6.2919765565573575,7.832868774489772,0.09690377099685737,0.08123362613753972,0.21032002576416117,3
137,36754.89208,19,1.209484044,0.006600159,69143.15426,13029.06722,0.840696205,6050.597720000001,0.42,0.11,1.72,0.05,QPS,204147776,383.81045235000096,10.966012924285742,12.380982333871,0.16745582226035,0.0017487110017187777,0.002543869278632989,1
138,3389.513629,25,0.643280156,0.004137261,2994.931494,997.8728167000002,0.80360754,1359.086872,0.46,-0.2,2.81,0.13,QPS,204160652,95.79940398750011,17.418073452272747,23.94985099687503,0.18579329342426418,0.004599246193414075,0.008239991438515816,1
139,2013.5979260000001,306,0.30778831100000004,0.037799142,1271.097747,354.6783979,0.750054655,219.97487809999998,1.0,-0.55,28.18,0.12,B,204161056,383.81060924999923,13.707521758928545,18.276695678571393,0.3840794481815881,0.001100139908447161,0.022854412010316672,2
140,62109.26689,51,2.310690418,0.002759087,52332.93731,17986.60514,0.776338777,15513.80532,0.91,0.63,7.93,0.54,APD,204176565,63.91734770000008,29.500314323076964,11.621335945454561,0.182306944942582,0.12252445541076115,0.03758730167751978,3
141,10630.6539,473,3.014425263,0.041774753,8023.366279000001,2003.2054739999999,0.763678669,979.2875111,0.72,-0.19,2.21,0.4,QPS,204181799,383.8104854999983,38.38104854999983,19.190524274999916,0.8337857361597029,0.1331244019641272,0.05964035378612836,3
142,1924.186093,57,0.94844226,0.001968132,1879.737518,1158.755387,0.844906788,765.3956728999999,0.04,-0.04,6.76,0.14,P,204182919,383.8104439500012,23.988152746875073,13.234842894827626,0.021095410683677433,0.006872279055606592,0.008749065234846528,2
143,4687.615417,58,0.808017277,0.004239876,4455.3087909999995,1482.49015,0.738546734,1085.978873,1.0,-0.14,17.2,1.62,S,204187094,76.72122984999987,27.40043923214281,18.266959488095207,0.25670875186467623,0.08620176229667376,0.08889665277841954,3
144,8995.426754,63,0.825092968,0.020376082,7468.850541,2223.4470300000003,0.78888633,1792.3709850000002,0.75,-0.22,5.95,0.07,B,204187469,127.93686621666667,14.761946101923076,19.1905299325,0.150080796832068,0.02491736614485211,0.14409286211326114,3
145,4270.799557,151,0.6433956470000001,0.00058585,6447.664415,1461.315576,0.8005584379999999,580.6429621,0.19,-0.31,15.62,0.07,QPS,204193996,383.81044689999953,42.64560521111106,27.415031921428536,0.46180562069412273,0.0641723429608871,0.02054617979673365,3
146,10620.38314,111,1.6608861659999998,0.012859538,7813.026951999999,2827.552575,0.7607633340000001,1583.809856,0.45,0.35,14.71,0.23,QPD,204206295,383.81061860000045,27.41504418571432,47.97632732500006,0.08837729283452098,0.08039828806268527,0.06756248463208951,3
147,779.5638388,11,2.188495095,0.045817489,415.10755689999996,100.2911965,0.6970019940000001,112.1138119,0.88,0.52,16.57,0.16,QPD,204211116,42.64561698333333,383.81055285,20.200555413157897,0.05105569296131554,0.030659535195449998,0.03729231384419344,3
148,1599.116977,64,0.505447648,0.015160135,1110.095412,387.9922461,0.8073059140000001,296.6322432,1.0,-0.53,20.17,0.27,B,204226548,383.81044159999874,38.381044159999874,1000.0,0.07098542943908864,0.04715921801321201,1000.0,2
149,148.71952869999998,18,0.582467278,0.159806904,152.095955,24.25520077,0.7548915270000001,21.75090398,0.95,-0.37,10.3,0.05,B,204231861,95.92708126249988,7.83078214387754,9.83867500128204,0.11586398629939926,0.014878185784064314,0.00655344301405592,2
150,6581.0041759999995,106,0.499806284,0.027028759,4210.644786,715.1382187,0.723386878,598.4401874,0.85,-0.82,39.29,0.59,B,204233955,383.8104464999992,21.322802583333292,34.891858772727204,0.23113380969089903,0.06431624497490997,0.19476502156095454,3
151,69742.0,71,0.663004967,0.013897752,2455831.735,22622.5,0.8178758890000001,134707.5737,0.47,-0.03,4.24,0.01,QPS,204239132,127.9368543666669,18.276693480952417,38.381056310000076,0.6103610569429536,0.012369170510346549,0.05212143906978804,3
152,139764.6898,44,3.0596447610000004,0.007073989,101662.5463,24834.02849,0.7221449040000001,23736.60689,0.95,0.75,30.61,0.11,APD,204245509,383.8104795499999,38.381047954999985,1000.0,0.10217149088400392,0.20891971649166935,1000.0,2
153,202.77665990000003,18,1.950055572,0.167848926,214.3694625,24.74118671,0.675354085,18.33954566,0.9,0.4,30.44,0.03,APD,204248645,54.83006226428545,1000.0,1000.0,0.149252882386673,1000.0,1000.0,1
154,31.49931957,20,0.5961315389999999,0.31829756800000003,12.90689959,5.76420224,0.790124218,2.9531399560000002,0.7,-0.19,1.34,0.15,QPS,204250417,383.8104866499998,20.20055192894736,13.234844367241374,0.1356260775531468,0.0938784786285566,0.019307557012438026,3
155,5504.092001,20,2.311789113,0.010093704,3155.2033300000003,972.9742248,0.7459578920000001,1461.760015,0.54,0.5,3.29,0.14,QPD,204256494,31.975701808333376,76.74168434000012,12.790280723333352,0.014745221959014329,0.009904188021614493,0.0057474899194021436,2
156,168.2108398,15,0.896166172,0.18660581699999998,347.469179,29.713556899999997,0.817147327,26.84527934,0.32,-0.09,1.87,0.02,QPS,204262368,47.976304250000226,8.166179446808549,10.966012400000052,0.07584303356131826,0.0016439235990196761,0.0026324275724721223,1
157,433.01973719999995,848,1.306270891,0.011590378,375.7099609,217.6514841,0.912600819,24.11952001,0.42,-0.48,1.75,0.08,QPS,204268916,127.90280665000027,38.37084199500009,25.58056133000006,0.9469140272736991,0.06806972728943127,0.04621362141284534,3
158,2538.801957,41,1.878293182,0.0026633670000000003,2168.085693,806.4774468999999,0.700701067,825.3757126,0.24,0.57,5.1,0.49,QPD,204274536,378.4982102999993,29.11524694615379,1000.0,0.008314061074113902,0.04121823562588153,1000.0,1
159,1060.623259,9,1.9259376330000002,0.030307402999999997,530.2360294,261.3614218,0.782435145,111.0712081,0.57,0.46,1.77,0.18,QPD,204274743,63.91732611666687,6.61213718448278,9.833434787179518,0.04128639463733249,0.0032836120577725753,0.009483107430868998,2
160,11793.36926,23,0.7858559009999999,0.019313128,8557.136139,3037.472263,0.808851905,3894.6259729999997,0.52,-0.14,2.55,0.67,QPS,204277211,76.76208645999986,1000.0,1000.0,0.052302444316895055,1000.0,1000.0,1
161,7659.671254000001,59,4.146928785,0.013325618999999999,6302.140189,691.7472998,0.637036519,851.2288802999999,0.86,0.78,39.68,0.1,APD,204278916,380.94994629999974,11.904685821874992,17.315906649999988,0.3942459088723352,0.0029069627040281846,0.01393700816887749,2
162,86126.375,62,2.301725904,0.009679449,140733.0546,11867.87,0.707233406,12556.52037,0.94,0.4,18.51,0.04,APD,204281210,191.90521744999955,29.523879607692237,38.38104348999991,0.43835501879522215,0.03295668691884851,0.03526700499581882,3
163,1790.1328629999998,18,1.757194535,0.019094172,799.2425146,325.05903650000005,0.754267591,327.92161289999996,0.74,0.4,2.52,0.18,QPD,204290918,383.8105392500006,10.100277348684227,38.38105392500007,0.03744252238766211,0.017006172023024485,0.08808468705965558,3
164,162.2200054,330,1.5307756819999998,0.15887885699999998,101.6997637,26.68524718,0.771750328,11.10458621,0.74,-0.22,1.59,0.16,QPS,204317053,383.8104280000016,21.322801555555642,9.361229951219551,0.5651129687280292,0.07337791746191469,0.011015496065913668,3
165,361.5177488,10,1.6986184530000001,0.060613797000000004,203.37346169999998,50.81590098,0.739094922,47.17912136,0.61,0.3,2.15,0.08,QPD,204329690,38.34019053999987,383.40190539999867,25.560127026666574,0.02020940179294503,0.09820392910654863,0.0074744566558543855,2
166,81000.64935,55,0.256922722,0.004371311,63162.77349,10570.51552,0.640251869,10989.080979999999,0.91,-0.72,11.2,0.36,B,204342099,34.89186174090905,1000.0,1000.0,0.1911960001446566,1000.0,1000.0,1
167,78.03360434,209,1.035084967,0.32893917300000003,35.22245833,15.98081172,0.8206888720000001,4.72991718,0.73,0.29,1.82,0.17,QPD,204344180,191.90523559999974,1000.0,1000.0,0.5252260392678342,1000.0,1000.0,1
168,1187.347283,30,0.169993344,0.038605067,512.8908763999999,33.68120566,0.569908148,60.44891845,0.75,-1.1,6.94,0.24,B,204347422,380.13273489999847,54.304676414285495,1000.0,0.024623782881443998,0.018553579861516668,1000.0,2
169,264.9559791,780,1.329389943,0.026109671,231.98665350000002,89.83273086,0.874988448,14.86143046,0.66,0.2,1.58,0.08,QPS,204347824,191.90528607500028,38.381057215000055,25.587371476666704,0.8643027094129633,0.07729366758506735,0.03916935202600896,3
170,118.87212770000001,20,0.887965495,0.11129380300000001,231.88985559999998,24.48749182,0.767420392,21.43381472,0.62,-0.07,1.89,0.03,QPS,204360645,76.74165262999986,31.975688595833276,1000.0,0.3151384426768034,0.04710219408345328,1000.0,2
171,3106.9040449999998,30,0.461182947,0.029090894,1872.269347,544.4445565000001,0.79976109,475.52587249999993,0.87,-0.49,26.4,0.24,B,204360807,95.95263481250015,38.38105392500007,16.687414750000027,0.04270945317739359,0.0017429610970702786,0.0005666098564089756,1
172,27.044136100000003,224,1.277290021,0.339994419,49.6365755,6.14579515,0.809998502,2.866342555,0.62,0.07,1.94,0.07,QPS,204365840,383.5042000499993,54.78631429285704,27.39315714642852,0.24448035835605714,0.552096567769534,0.09978936638342163,3
173,12533.625,20,2.2289383480000002,0.617898142,179019.8743,1206.25,0.661324476,6410.215187,0.68,-0.14,1.97,0.002,MP,204372172,383.7083662000009,42.63426291111121,27.407740442857207,0.3056149571012108,0.07937418471044005,0.02802243029825437,3
174,1247.673364,30,1.2071286270000001,0.006335615,1076.98249,400.3386658,0.805178695,393.8605467,0.95,0.12,5.76,0.91,S,204388640,383.81042045000186,25.587361363333457,9.361229767073215,0.0509965677575115,0.08448981162301217,0.01637845303160289,3
175,2244.956529,31,0.662512745,0.122848334,1226.334274,388.44255380000004,0.7766103659999999,300.6702037,0.89,-0.28,27.48,0.15,B,204395393,63.95137663333305,29.516019984615255,1000.0,0.053308809680831515,0.10952274697422232,1000.0,2
176,287.6727952,183,0.354507425,0.044243951,274.1366814,48.89776826,0.700758953,23.6177228,0.59,-0.68,1.64,0.07,B,204397408,54.830061592857156,25.587362076666672,11.994075973437502,0.4588571686790336,0.14193449944460065,0.03283761510783679,3
177,898.8938197999998,712,1.3909021959999999,0.0045266,1290.939666,359.5031508,0.7902510620000001,117.23809779999999,0.39,0.32,3.68,0.1,QPD,204397879,191.90521827499992,25.587362436666655,10.966012472857138,0.9304927886682691,0.06155783103247205,0.028544284243745992,3
178,4615.427189,107,0.55333505,0.004183968,4387.841176,1013.6929439999999,0.71632833,603.1252877000001,0.21,0.04,13.16,0.07,QPS,204398857,95.95260910000036,4.738400449382734,5.050137321052651,0.11689904620513157,0.0021737719136118083,0.0029911746668966712,1
179,583524.125,214,5.073619266000001,0.0029586,482251.783,93747.0,0.7676785840000001,87846.31966000001,0.98,1.1,14.87,0.17,APD,204399980,191.75198789999968,19.175198789999968,8.3370429521739,0.5324842371336028,0.08803244822017985,0.016365875741702084,3
180,280.08727339999996,724,0.481807504,0.027844037000000002,287.130395,79.19098853,0.8455397790000001,24.26775501,0.78,-0.12,1.79,0.1,QPS,204401119,191.90522200000032,38.381044400000064,19.190522200000032,0.8496626320264613,0.13949632663251646,0.03724434862178785,3
181,3563.693808,16,1.8116584869999999,0.039047551,1837.6520690000002,470.639172,0.7304243309999999,615.2603365,0.68,0.36,3.29,0.13,QPD,204408707,383.8105173000008,34.89186520909098,1000.0,0.02942877888685492,0.03285154954376279,1000.0,2
182,2273.566746,27,31.90415833,0.007368911999999999,2524.7224730000003,86.43536058,0.29214934,62.797480799999995,0.47,0.11,1.76,0.05,QPS,204409463,127.9368179166666,19.190522687499993,12.793681791666662,0.8827985555014913,0.028575550559909582,0.007150447774032431,2
183,252.09928230000003,23,0.9471381990000001,0.254732207,470.65526910000006,42.46561367,0.7901613129999999,44.84126977,0.46,-0.03,1.97,0.02,QPS,204413641,383.81042664999995,23.988151665624997,17.445928484090906,0.17719177458005658,0.05733827853052011,0.020756276635969524,3
184,1134.1818230000001,36,1.042685164,0.044297862,2394.189494,196.6017658,0.595444404,205.0658865,0.89,0.0,5.19,0.02,S,204428864,383.7082677000012,38.37082677000012,21.3171259833334,0.2818551083476801,0.14301695655670293,0.038793086832451425,3
185,230.8923337,550,1.5584947830000002,0.034975808,354.8293882,54.45555306,0.819523063,15.01165739,0.41,-0.26,1.59,0.05,QPS,204434363,383.810426550001,1000.0,1000.0,0.8340014287278517,1000.0,1000.0,1
186,151.7789343,22,0.6393887070000001,0.112014854,122.16313909999998,35.85585277,0.806692399,19.23537147,0.65,-0.2,1.4,0.07,QPS,204435866,383.8105046999999,18.276690699999996,34.891864063636355,0.25796727297208294,0.05698215998159892,0.13355698499813717,3
187,1283.554704,287,0.197234462,0.008903068,1002.4251109999999,226.2300457,0.7865425709999999,141.7288814,1.0,-0.93,8.3,0.22,B,204440603,76.76209217999985,31.98420507499994,11.630620027272705,0.5474663964168858,0.1042177063196438,0.022881584370451315,3
188,10311.544090000001,75,0.62365434,0.0007923139999999999,16265.7722,4100.338204,0.860168272,3053.789016,0.2,-0.33,9.62,0.07,QPS,204447221,383.8104327499991,38.38104327499991,1000.0,0.02502859101606195,0.004311610972166464,1000.0,1
189,171.1299183,89,0.511088904,0.075777923,99.09816708,17.37289963,0.71399982,7.925056796000001,0.83,-0.22,70.57,0.1,QPD,204449274,127.93684531666638,1000.0,1000.0,0.31288239897466436,1000.0,1000.0,1
190,661.4842417,31,1.345045696,0.017330533999999998,667.349869,114.6421676,0.780277474,71.84830906,0.55,0.32,1.87,0.04,QPD,204449389,127.9368091500002,42.64560305000007,25.58736183000004,0.49447454662917434,0.04977797426771279,0.06021002426404428,3
191,166.2564959,18,1.196145069,0.034061147,103.6639773,54.63464116,0.82163836,24.24958658,0.12,0.11,1.81,0.1,P,204467371,6.505262195762729,191.90523477500048,7.67620939100002,0.0004535076591013017,0.22669959622193472,0.0005648562292852242,1
192,3588.1230229999996,13,0.739061124,0.017170266,1092.635274,207.6834706,0.707898912,177.6457145,0.61,0.62,2.07,0.09,QPD,204467584,9.111587476190456,76.53733479999983,12.344731419354812,0.004030222809739782,0.2825543642162926,0.002770077507530804,1
193,4549.354464999999,28,3.870551196,0.009649764,2788.276058,405.555013,0.527200907,395.0515048,0.9,0.5,4.54,0.14,APD,204469637,383.8105091000011,54.830072728571594,1000.0,0.04086463206853,0.03439026410372373,1000.0,2
194,538.5190241,13,1.774350369,0.082790448,492.53139860000005,58.28748484,0.652030019,49.93395726,0.94,0.26,11.91,0.06,APD,204472612,15.992101079166707,383.810425900001,11.288541938235324,0.049204638346883114,0.08637777696066978,0.0099761949159773,3
195,527.3626398,7,1.7734690309999999,0.071421505,320.2078995,90.8960405,0.7344323209999999,72.09971327,0.93,0.37,8.95,0.18,APD,204487447,5.18662747635136,76.76208665000013,4.56917182440477,0.0010867706048471562,0.017979477565140164,0.01273185536652888,2
196,690.0936781,9,4.263671692,0.04250538400000001,249.41123540000004,63.76690225,0.63751189,51.0995871,0.83,0.74,3.35,0.16,APD,204489514,42.64560131666662,22.577083049999978,1000.0,0.013300573171600587,0.007961894122369716,1000.0,1
197,161.3569805,23,1.002269317,0.075439974,225.78664190000003,43.59992157,0.802873554,36.89968929,0.2,0.02,1.97,0.05,QPS,204495624,383.81043359999916,25.587362239999944,18.276687314285674,0.2928325186031661,0.01721641437402584,0.029971433065897564,3
198,2205.430323,9,1.595923873,0.04634222,780.0049661,419.5077398,0.75261559,230.8959853,0.75,0.36,1.8,0.36,QPD,204496657,95.90152418749994,7.991793682291662,11.987690523437493,0.07026904901833834,0.02411746266871313,0.012120896591850098,3
199,179.655507,26,1.004933909,0.037951034,250.8142679,55.24450312,0.7954115070000001,50.98224722,0.12,-0.02,2.03,0.05,P,204501712,9.595260857500024,127.93681143333363,10.966012408571455,0.003117340199640671,0.38791391608915216,0.002795113032236177,1
200,475.6922245,750,0.834369063,0.015124826999999999,582.9655677000001,168.82918069999997,0.861752845,37.94219476,0.84,-0.16,12.18,0.05,QPS,204508462,191.90525132500056,25.58736684333341,15.352420106000043,0.8776235812029277,0.03188410010340628,0.0038988211758041974,2
201,14398.742059999999,80,6.053308761,0.004522305999999999,13086.13675,2463.793045,0.647151339,2401.298665,0.88,0.98,7.52,0.66,APD,204512343,383.40177464999897,11.618235595454514,15.975073943749958,0.35341697024077384,0.04257627089407752,0.01470867800329768,3
202,1329872.875,115,2.192228986,0.001393318,1057698.4009999998,393273.0,0.8109473840000001,246896.117,0.89,0.52,7.33,0.41,APD,204514546,127.93680573333404,38.381041720000205,11.288541682353003,0.42848813967105753,0.04837610102197656,0.037971455846162426,3
203,900.0128773,404,3.3674255239999997,0.01655865,714.0719862999999,145.45427800000002,0.783704173,73.26960601,0.86,0.89,55.66,0.09,APD,204530046,383.81043150000096,38.381043150000096,25.587362100000064,0.7176968542163132,0.04745135902314138,0.06405313781912304,3
204,385.4836305,16,1.31938124,0.062866006,209.76999359999996,51.63125714,0.7269159059999999,22.12501268,0.82,0.26,61.21,0.11,QPD,204538777,383.81040830000074,21.32280046111115,34.891855300000074,0.2836180285034414,0.0672740711843051,0.0653610400391547,3
205,520.9930621,9,0.87870176,0.067510057,242.8658795,115.57507,0.798922921,45.82747415,0.78,-0.06,1.55,0.46,QPS,204565982,47.976323806250036,383.8105904500003,27.41504217500002,0.015661131398990634,0.013991301656166997,0.048792874701536704,3
206,71.76404801,685,1.291688647,0.185338615,73.95879711,20.74343158,0.8493038009999999,5.220153123999999,0.68,0.0,1.71,0.05,MP,204578601,127.93683211666726,38.38104963500018,18.276690302381038,0.7730841755892757,0.1023238300948673,0.045961020202673744,3
207,213.169648,20,0.8916587359999999,0.20671232399999998,387.0791653,26.09422388,0.687051428,28.63274382,0.78,0.24,1.91,0.03,QPD,204581550,382.89099324999825,1000.0,1000.0,0.1760879304034648,1000.0,1000.0,1
208,60.82713874,596,0.8699498659999999,0.105345387,60.92708193,17.77791938,0.852534173,4.842665874,0.46,-0.14,1.74,0.06,QPS,204584778,189.35121679999952,10.820069531428546,37.870243359999904,0.7535708125484452,0.0024359544213821967,0.1195709817314206,2
209,502.9118945,163,0.9686327690000001,0.033326517,477.32911789999997,106.1864456,0.777315471,76.53649638,0.96,-0.39,15.08,0.1,B,204602441,383.81041934999985,38.381041934999985,18.276686635714277,0.2670218098555312,0.05614197075394899,0.06848981433610209,3
210,975.2078543,19,0.47740993200000004,0.026137576000000003,697.4403599,122.56998370000001,0.753904818,149.2344388,0.9,-0.41,24.62,0.13,B,204607034,383.81040299999995,54.83005757142857,1000.0,0.025645126158191835,0.04758391919627724,1000.0,2
211,434.5828336,19,1.036060664,0.023741083,673.3663597999999,149.6175015,0.851559175,65.8161189,0.18,0.03,1.77,0.05,P,204611292,383.70825550000063,10.658562652777796,12.377685661290345,0.19697501381996263,0.001147694340982764,0.0025393922381760875,1
212,1472.715741,31,1.535845642,0.028793547000000003,1923.9048030000001,291.65346239999997,0.718480322,334.5553134,0.77,0.3,7.81,0.05,APD,204615647,383.8104405499985,54.83006293571406,13.707515733928515,0.07378344201669859,0.04154786761503275,0.010179628225720275,3
213,13223.59515,49,0.937894824,0.016738341,8201.582464,2698.878531,0.8188836820000001,2369.343487,0.47,-0.07,6.58,0.09,QPS,204630363,383.81042095000106,21.32280116388895,34.8918564500001,0.01753921875556881,0.04207729197385826,0.06402740687674585,3
214,5273.093999000001,10,0.927653142,0.026137277,1967.0702780000001,1205.998079,0.7124796840000001,395.5157403,0.46,0.03,1.05,0.12,MP,204637622,63.95137365833344,21.317124552777813,9.135910522619064,0.04961049821821605,0.0385786522078726,0.021414330121038206,3
215,121940.7103,33,3.617600687,0.005618195,102830.2151,24303.28584,0.646069242,28875.416419999998,0.9,0.89,15.08,0.45,APD,204638512,54.80086895000015,15.983586777083376,23.975380165625065,0.2103162131868799,0.06066751628579151,0.10841985331492314,3
216,198.1063074,19,1.8749893869999998,0.055492867,180.5456133,14.53810008,0.577665544,10.88042527,0.8,-0.24,4.92,0.09,QPS,204651122,76.61906295999962,34.82684679999983,22.535018517646947,0.20278387366404463,0.07231486883518211,0.05132650301949974,3
217,8431.0,29,0.8404938679999999,0.196969481,154614.1351,1809.625,0.806920286,5999.629082,1.01,-0.08,41.35,0.003,N,204662993,383.70833015000017,23.98177063437501,15.98784708958334,0.3665641275313195,0.006299314599868484,0.03722411975722187,2
218,763.3274571000001,12,1.478558544,0.04896039,693.4517459,118.4690598,0.754506971,151.80930769999998,0.86,0.2,3.6,0.04,APD,204757338,383.81040429999985,38.381040429999985,1000.0,0.013410914218204784,0.0179914796378873,1000.0,2
219,80.32408008,17,0.929661379,0.356414835,90.67900212,16.69370881,0.776116694,7.199838307,0.42,-0.03,1.64,0.05,QPS,204769599,76.76207907000025,1000.0,1000.0,0.09098292755534608,1000.0,1000.0,1
220,781.2984068,17,1.0696746240000001,0.040281157000000005,340.5704914,86.50714928,0.7521678479999999,76.90212995,0.53,0.02,1.92,0.07,QPS,204776782,63.95138132500015,9.59270719875002,18.271823235714326,0.05262312288309339,0.012921167741905036,0.0257608746176301,3
221,3497.440154,17,2.368463427,0.017419053,2347.698179,778.7787948,0.778413716,946.9952107,0.65,0.64,2.17,0.37,QPD,204807722,127.93680013333338,15.992100016666672,9.595260010000004,0.02713627079593577,0.047877083925645054,0.004589804436670202,2
222,121.8480895,19,1.4125222469999998,0.18343228,322.02784510000004,25.48095275,0.8149665979999999,16.3836108,0.74,-0.02,1.66,0.02,QPS,204810161,191.90525727500017,5.48300735071429,22.57708909117649,0.27168546522991044,0.007709533046296971,0.07054039207383178,2
223,179.96017759999998,7,2.612225504,0.158795343,66.94991316,24.06745877,0.740053396,12.341379199999999,0.73,0.58,1.7,0.16,QPD,204811478,383.8104036999994,34.891854881818126,1000.0,0.00838566912172275,0.05618009051400321,1000.0,2
224,8443.78345,82,1.016981912,0.000536363,9932.252054,5286.3445090000005,0.87224691,2609.941046,0.02,0.02,9.26,0.18,P,204817605,29.43743599230769,76.53733358,20.141403573684208,0.006021042730352664,0.009996027604370695,0.005247450182309528,1
225,42850.78398,92,0.562524372,0.004251901,32804.50666,11568.708990000001,0.789912025,6939.906421,1.0,-0.67,34.57,1.14,B,204830786,42.645600433333286,17.44592744999998,1000.0,0.27919740202889637,0.29332989063751436,1000.0,2
226,821.4762186,44,1.37364142,0.049750403,1098.3269710000002,197.38920119999997,0.7761795640000001,241.5425055,0.31,0.22,4.24,0.04,QPS,204832936,76.76208013999985,31.984200058333272,11.994075021874977,0.19430966112905626,0.032108103751265264,0.030220400787329488,3
227,2592.606725,598,2.069753949,0.002808812,3245.084899,715.0454227000001,0.808309798,213.51024500000003,1.0,0.42,58.15,0.14,APD,204856535,383.70823944999984,25.580549296666657,42.63424882777776,0.82707639270519,0.03548337404550941,0.3213142650411385,3
228,503.0852676,15,0.8368469479999999,0.04420824,514.2088094,160.05812360000002,0.828233343,120.411852,0.35,0.02,1.91,0.04,MP,204860656,12.793680515000005,15.992100643750007,76.76208309000003,0.003078237548334547,0.0018796793468957727,0.0059373564834268875,0
229,33101.802489999995,30,1.357419643,0.006704941999999999,22093.730059999998,7694.301623,0.7843277590000001,7281.772813,0.84,0.21,8.36,0.19,APD,204864076,95.8759785875003,1000.0,1000.0,0.16515065763762443,1000.0,1000.0,1
230,123.7544818,379,0.507786993,0.170376904,587.2095167,24.59983882,0.7818651440000001,41.08146334,1.0,-0.05,74.86,0.01,N,204870258,383.8103936000016,11.99407480000005,16.687408417391374,0.6898885882253384,0.01433705146880819,0.027134463528934318,3
231,33.06098692,8,1.29176312,0.399516164,20.23184763,5.57123265,0.7508761079999999,3.0897663580000003,0.9,0.15,12.57,0.11,APD,204871202,383.81040725000054,42.64560080555561,1000.0,0.04258989622822601,0.02581445873745296,1000.0,2
232,268.9035369,9,2.370426307,0.07372397,83.86006858,41.07349853,0.756880672,20.88213125,0.91,0.54,5.93,0.16,APD,204871862,63.968400016666465,22.57708235882346,1000.0,0.007784641256662639,0.01731970461778515,1000.0,1
233,94844.15105,519,1.102274236,5.34e-06,96146.20198,51577.72728,0.8920110309999999,3590.633329,1.0,0.0,72.94,0.9,L,204874314,63.10008611666679,29.12311666923083,21.03336203888893,0.9071628974794722,0.07871348916086533,0.008898218493462149,3
234,618.4831958,14,2.2529679540000003,0.038880459,263.8374392,84.31932763,0.714540177,52.85829034,0.79,0.47,1.7,0.08,QPD,204894208,47.9762990750001,11.994074768750025,14.761938176923108,0.04721944392102506,0.00610287619298934,0.011726292416149324,2
235,727.0887486,15,0.514310887,0.040003059,369.8670702,136.7683594,0.7742028129999999,136.2628531,0.93,-0.47,8.38,0.16,B,204906020,54.83005712142877,8.722963632954578,11.994074995312545,0.07946824056455563,0.03584051014129172,0.013552192824933283,3
236,14086.23556,89,0.41387770700000004,0.039510689,10979.140809999999,2377.0740170000004,0.787055669,1788.2681969999999,0.76,-0.59,19.23,0.35,B,204908189,383.81041760000016,18.27668655238096,42.64560195555557,0.19954683016167632,0.13902437066727813,0.06509708310995514,3
237,2168.540968,25,2.2921639540000003,0.013527728000000001,1225.605742,308.1761222,0.7189444779999999,422.6291902,0.75,0.52,2.32,0.09,QPD,204932990,191.9052105499998,34.89185646363632,18.276686719047596,0.17799506491596712,0.08160654178095089,0.03432172670693025,3
238,342.8605568,12,0.64892999,0.09978676199999999,222.6978554,33.87499469,0.684702402,22.83470437,0.76,-0.17,1.55,0.05,QPS,204933717,95.95260020000012,21.32280004444447,11.288541200000015,0.07374698318058079,0.04886294804252757,0.0196022302182908,3
239,23540.299590000002,34,1.774064862,0.004198905,20717.655609999998,7232.886756999999,0.804042859,8407.733795,0.85,0.45,8.3,0.46,QPD,204939243,6.608614563793112,95.82491117500012,20.17366551052634,0.0035084691097811973,0.15866374424763793,0.04822071131399411,2
240,84.52024517,28,0.62113288,0.304945372,203.4352614,11.07151415,0.745540002,10.90532945,0.86,-0.26,8.7,0.01,QPS,204940701,54.83006067857138,5.050137167763153,12.793680824999987,0.37825579936990916,0.006428002989824247,0.03312442053505646,2
241,24858.0,26,0.663409594,0.404075122,978187.1568,4334.0,0.7864526740000001,38032.47905,0.84,-0.29,37.08,0.001,S,204951022,63.968415599999844,23.98815584999994,1000.0,0.2959840249999754,0.027649915540576622,1000.0,2
242,1464891.0,31,3.8019105489999996,0.0031108390000000002,2761270.151,197302.0,0.714940138,308662.7594,0.19,0.32,3.91,0.03,P,204964091,25.58736594999997,383.81048924999953,19.19052446249998,0.0014076359163808542,0.003298742904716293,0.0009786005689522875,0
243,7519.0236780000005,15,1.580390687,0.014464018,4568.727165,2043.782632,0.7582253520000001,2222.628479,0.61,0.34,2.4,0.96,QPD,204982702,27.41502935714282,383.8104109999995,11.6306185151515,0.01628430700059117,0.022784712286454605,0.04776076909223916,3
244,1346.7374730000001,50,1.18015815,0.0070399419999999996,2089.633386,399.9153014,0.800682185,482.8608949,0.24,0.06,3.2,0.05,QPS,205000676,191.90525654999988,9.595262827499994,19.190525654999988,0.5788110122230805,0.005954285757491048,0.01744190839388952,2
245,1265.997768,105,0.363687176,0.005345509,969.10735,227.22538569999998,0.785416563,175.9404462,1.0,-0.68,39.11,0.39,B,205008727,63.93436089166661,29.508166565384588,20.18979817631577,0.21681453845589088,0.019673939512615143,0.027349999430504948,3
246,571.3844389,34,0.8761323440000001,0.065839941,879.384868,133.3092895,0.7563680559999999,190.4553494,0.15,-0.08,3.01,0.04,P,205024407,383.8103960499985,42.64559956111094,19.19051980249992,0.21554412117747576,0.23582192785770778,0.019592536269375505,3
247,1364.031765,36,1.40707142,0.028808554,1799.892259,271.5052727,0.761367169,238.0215744,0.87,0.26,22.9,0.03,APD,205037578,378.7023866000004,37.87023866000004,19.931704557894758,0.03210051044945743,0.09448675101556092,0.04364235662995306,3
248,822.515883,34,1.120909275,0.009727217,1205.371701,390.6002068,0.868011642,454.2125375,0.09,0.02,3.85,0.06,P,205038557,95.95259863750016,1000.0,1000.0,0.025735592792502558,1000.0,1000.0,1
249,24677.545019999998,53,1.59668565,0.001140589,30910.51429,6429.802799,0.835815759,6718.028632,0.33,0.32,5.32,0.06,QPD,205051240,127.90275896666645,1000.0,1000.0,0.14084933206172082,1000.0,1000.0,1
250,265.2955035,32,0.461662158,0.055806024,120.3690233,39.75831238,0.7477983890000001,30.58083595,1.0,-0.51,72.25,0.14,B,205061092,76.76208870999972,22.5770849147058,1000.0,0.18650882311913233,0.050808982257647864,1000.0,2
251,548.6896433999999,21,0.911502239,0.018130505,319.4034438,107.0477821,0.814814044,142.9566403,0.3,-0.04,2.43,0.08,QPS,205063210,76.74164861000008,1000.0,1000.0,0.0531152109331994,1000.0,1000.0,1
252,37232.0,28,7.118455643,0.088907461,606115.8102,2762.0,0.521819794,22440.88412,0.96,-0.14,34.69,0.001,N,205064383,76.76208528999997,3.916432922959182,5.815309491666664,0.2035894584962418,0.0059102531579252535,0.004198071634667637,1
253,601.5011553999999,11,2.157437709,0.109609595,395.5465465,74.02624799,0.7127839490000001,60.2305443,0.93,0.45,17.37,0.07,APD,205068630,54.83005995000018,21.322801091666737,1000.0,0.031089287941556847,0.037881225947719435,1000.0,2
254,18138.33556,26,1.265394693,0.008506897,16476.247069999998,3036.7289600000004,0.676588125,4517.571338000001,0.68,0.21,5.32,0.25,APD,205080616,19.19052035499999,47.976300887499974,27.415029078571415,0.027073193147565625,0.020063580343351657,0.011346521546729325,3
255,567.3225681,16,5.47350925,0.054200322,518.7277868,43.50595909,0.31263888,44.27149203,0.73,0.71,1.75,0.15,QPD,205086621,63.95137712500021,25.58055085000008,1000.0,0.0569346140248852,0.043257684854518356,1000.0,2
256,358.4093305,114,0.350717695,0.027354666,217.71689890000002,45.04468063,0.682225803,35.9573052,1.0,-0.57,16.96,0.19,B,205088645,54.83006008571432,18.27668669523811,9.841292835897443,0.29597730233692765,0.15582570729559614,0.011136397366534462,3
257,754.7670966,131,0.716671532,0.20946678800000001,474.79540369999995,159.5599226,0.18960398899999997,31.37338019,0.58,-0.12,0.36,0.1,MP,205091879,95.95260624999979,17.44592840909087,22.577083823529364,0.5494627167430313,0.025213435555271915,0.04648574148918577,3
258,293.6727562,14,1.3728566919999998,0.12742183599999998,147.0975975,48.22133425,0.767750425,31.9639908,0.68,0.3,1.72,0.11,QPD,205092303,54.83005878571442,12.380981016129065,23.988150718750063,0.11779340502997586,0.016564737361347216,0.01411486530283069,3
259,90709.15724,70,0.8736684459999999,0.005349672,80730.93356,24826.78194,0.759883434,17673.37387,0.9,-0.1,18.02,1.13,S,205110000,383.8104523999982,31.984204366666514,22.57708543529401,0.07522379911151719,0.23337627339365322,0.17726331106411555,3
260,89.6412908,16,1.10766651,0.082509134,36.02499336,17.29857695,0.783713788,13.26568058,0.88,0.13,28.56,0.38,APD,205115701,383.8104160000011,34.891856000000104,14.76193907692312,0.22126602109043558,0.07615263371483777,0.012186315497897967,3
261,98.93575107,377,1.227365744,0.151120951,159.2626191,16.5887493,0.705773943,7.008761023,0.76,0.14,1.76,0.04,QPS,205145188,95.92706462500018,17.44128447727276,8.526850188888904,0.7890161921522381,0.06981269485864858,0.024010644284166244,3
262,20802.93749,59,4.124777932,0.003003026,14351.31886,3032.2240850000003,0.67226597,3360.183414,0.59,0.87,10.0,0.24,APD,205151387,54.800870442857104,29.50816100769229,1000.0,0.08539330445502805,0.09470758799949867,1000.0,2
263,1076.359775,17,0.470761359,0.039023547,527.2670197,113.4132403,0.5231186,61.47934876,0.21,-0.1,1.81,0.05,P,205152244,382.78880954999977,47.84860119374997,20.14677944999999,0.15194844386909662,0.08117150710245387,0.010373776995197283,3
264,14803.309459999999,55,0.449030054,0.001445743,12889.096140000001,5193.881309,0.883064545,5052.225691,0.07,-0.63,6.94,0.2,P,205154017,383.8104050499987,14.215200187036988,10.373254190540505,0.004853884445737969,0.0030146044201664057,0.004335934850978105,0
265,310.8504797,101,0.053535425,0.0267973,426.71085949999997,18.25358201,0.595223652,30.9169091,1.0,-1.01,7.03,0.05,B,205156547,127.93680990000061,9.138343564285758,38.38104297000018,0.2006004848310604,0.055058238102679076,0.17178506912675925,3
266,38909.50476,100,0.850979631,0.001783901,33828.87162,14831.41115,0.765632228,8141.177097,0.87,-0.11,13.18,1.47,S,205158239,383.60612274999994,15.983588447916665,47.95076534374999,0.4953908811723923,0.022855409926784323,0.37066530539727577,3
267,33942.9752,216,1.41097613,0.000957009,31351.16739,7905.60963,0.7296049290000001,5334.248568,1.0,0.18,24.4,0.74,S,205160565,95.95261108749982,29.523880334615328,7.525694987254887,0.347090843574694,0.15705543584849288,0.05258577417064447,3
268,9047.217334,56,0.9090696229999999,0.000881959,9661.276774,4441.31474,0.875081433,3253.984187,0.14,-0.06,6.58,0.15,P,205164892,38.370825975000116,383.70825975000116,1000.0,0.0032992170125157017,0.001556522523266748,1000.0,0
269,108.548483,14,2.55491869,0.11753340400000001,42.94492774,17.50274472,0.750346776,12.68635834,0.98,0.61,17.55,0.2,APD,205164999,383.8104354999996,54.83006221428565,1000.0,0.07639220684029635,0.12015342109920313,1000.0,2
270,1751.335835,17,0.449155846,0.026429145,732.5797536,208.217888,0.7400851479999999,180.08312759999998,0.73,-0.49,1.8,0.13,S,205165965,13.234842634482808,9.595260910000036,22.577084494117734,0.026937725558627466,0.02493429587738692,0.04014151971418143,3
271,1737.852281,48,0.995732162,0.007923491,2248.821584,415.93080289999995,0.792968413,393.0825215,0.74,0.02,2.6,0.05,QPS,205179845,383.81044715000144,38.381044715000144,23.98815294687509,0.3656650441518412,0.23893657155724957,0.028612364293046977,3
272,13076.99724,43,0.7138085609999999,0.010343038,9746.911657999999,2084.924256,0.7460922209999999,2633.020035,0.82,0.05,68.85,0.16,S,205182200,127.90275773333332,18.271822533333328,34.88257029090909,0.28891390034171227,0.03382409452292754,0.04964475417112546,3
273,271.51343169999996,204,0.939491744,0.046317775,177.2343754,60.70102984,0.8007292340000001,30.97582093,0.79,-0.02,1.91,0.12,QPS,205198363,54.8300651785712,23.9881535156249,14.215202083333276,0.4313974877014092,0.05320578866250116,0.09287155282311398,3
274,23.4217678,488,0.929989016,0.335148828,19.14228067,5.72307631,0.837918507,1.250327065,0.71,-0.03,0.91,0.13,QPS,205208701,127.90274929999968,38.370824789999915,1000.0,0.6016479011952935,0.1567060105148833,1000.0,2
275,2205.595524,21,2.1841292080000003,0.009854475,2199.755927,308.1386232,0.734854165,341.3938213,0.87,0.47,7.89,0.16,APD,205218826,95.95260505000056,29.523878476923247,1000.0,0.10604033287216653,0.03971766985889285,1000.0,2
276,33257.17417,81,1.279363617,0.004957324,28504.62994,10465.54948,0.787841995,6394.282216,0.57,0.23,9.26,0.23,QPD,205238942,31.984200941666547,76.76208225999972,18.276686252380888,0.09239314641754685,0.17078993158960862,0.02131447626203084,3
277,1516.778545,16,5.09884543,0.017793647,701.1145036,123.1993537,0.6016168129999999,223.1899661,0.82,0.86,7.07,0.28,QPD,205241182,9.131046327380979,10.957255592857175,8.337042298913067,0.0006400710694192743,0.009453331775509492,0.0010074171991421965,1
278,240538.0215,117,0.987554785,0.003179646,230018.4263,68770.19532,0.7435706,42168.24247,1.0,-0.05,51.77,0.85,S,205249328,63.96840542499984,29.523879426922996,9.841293142307666,0.4523189259935053,0.08319484568423513,0.053102302368242295,3
279,695.2404813999999,114,1.686580976,0.018408815,1009.9912519999999,156.879698,0.78187517,126.76678190000001,1.0,0.33,21.04,0.04,APD,205345560,383.81042120000075,1000.0,1000.0,0.2705833902410257,1000.0,1000.0,1
280,472.251375,27,0.665262356,0.049840855999999996,905.9034441,107.8340706,0.8502791140000001,171.63887769999997,0.22,-0.31,2.91,0.02,QPS,205364526,191.90522654999995,21.322802949999993,5.4830064728571415,0.12096649916780924,0.012300750963640071,0.000655830678958089,2
281,460.4048,45,1.237307129,0.014100116000000001,782.7791348999999,137.5827245,0.793168962,168.82056310000002,0.2,0.06,3.68,0.04,QPS,205366676,383.70827655000085,19.185413827500042,25.580551770000056,0.3796510855445212,0.02355486982723688,0.06274972462529933,3
282,2682.682136,61,0.967889769,0.007069619,5394.559025,990.1609186000001,0.845667698,793.8166940000001,0.21,-0.06,6.1,0.05,QPS,205375290,63.951380708333176,29.516021865384545,1000.0,0.19170935337287315,0.022656498078020483,1000.0,2
283,1503.201598,21,2.070674461,0.037809345,838.9654162,188.4098534,0.72497004,209.2456855,0.69,0.47,2.03,0.45,QPD,205383125,383.81043910000017,1000.0,1000.0,0.2634782548422085,1000.0,1000.0,1
284,971.1993856,30,4.442226683,0.023575539,781.7290466,97.58283851,0.6518059070000001,130.16298840000002,0.94,0.74,19.27,0.04,APD,205519771,76.76209074999997,31.98420447916665,9.36123057926829,0.1967540499441332,0.04944200194203489,0.05239002842747516,3
285,105952.834,44,1.307466623,0.003099558,93684.3087,27727.96076,0.7269266259999999,28990.613060000003,0.7,0.17,3.29,1.18,QPS,205684783,95.95270174999996,29.52390823076922,12.380993774193543,0.1436013448803967,0.14575905127347918,0.07659403103260816,3
286,4335.785627,22,1.056997635,0.018408965,4071.64826,902.9931424,0.793608175,1216.294266,0.28,-0.02,2.21,0.16,QPS,210282528,76.76214065999967,15.352428131999933,6.505266157627091,0.06949616665286533,0.017735415737311425,0.005739406328062987,2
287,20384.47266,56,0.687614347,0.002931,16977.13081,4159.608681000001,0.759423442,4100.161482,0.83,-0.2,14.55,0.4,S,210282534,383.70851865000077,34.88259260454552,14.211426616666696,0.09192194175547329,0.05536162419961787,0.09388959196409394,3
