ampl,autocor,br_fa,eta,famp,mad,stet_K,totvar,Q,M,pTime,pAmp,VType,EPIC
249.3626638,42,0.616763212,0.219692407,136.8614543,49.77820905,0.802899079,25.73174132,1,-0.35,11.91,0.18,B,202610930
83169,20,2.557007855,0.16258574,932465.0018,7750,0.576560073,34663.09168,0.58,0.09,1.95,0.002,QPS,202876718
63.48247792,4,1.004462697,0.827652076,51.00691268,10.44703231,0.778123781,3.657261801,0.85,-0.01,13.16,0.06,N,203082998
191.2356768,10,1.738385905,0.115937444,65.29611541,36.71003711,0.769270184,11.57941053,0.75,0.53,1.35,0.33,QPD,203083616
3793.90131,37,1.332478453,0.002132441,4358.267378,2119.02192,0.884780647,2193.052218,0.03,0.19,4.17,0.13,P,203318214
223.6955661,7,0.586972317,0.078514442,247.3144774,72.6345709,0.827702831,14.46262045,0.06,-0.21,0.78,0.06,P,203337814
689.3799142,16,2.852143102,0.036981404,397.7201622,78.13529697,0.669570737,109.6273001,0.77,0.62,2.23,0.09,APD,203343161
58.10719042,152,0.792700239,0.150212746,36.29653512,10.79932311,0.801829945,4.443245996,0.83,-0.14,61.46,0.08,QPS,203377650
1825.319218,36,2.729396944,0.008592966,1518.541794,10.73935119,0.232657041,50.26901348,1,-1.14,78.66,0.1,B,203382255
94.49088352,10,1.185717424,0.139951416,199.6227435,29.25723496,0.854089644,8.701223128,0.16,0.13,1.08,0.03,MP,203385048
116887.8722,39,4.888613298,0.004463838,92066.13098,16895.26463,0.731884079,24977.39584,0.91,0.88,7.36,0.24,APD,203410665
52648.13993,42,1.768952536,0.014006205,34991.88747,7254.74234,0.718659883,8640.4467,0.83,0.37,18.7,0.45,S,203417549
219.2236223,13,3.594275133,0.150175822,82.67412897,21.65363637,0.685822051,12.26182249,0.82,0.64,25.36,0.17,APD,203429083
1088.680125,446,1.011019265,0.004823983,1973.400523,360.4344353,0.829046587,244.339841,0.32,0.29,6.76,0.05,QPS,203440253
18154.39998,34,1.348910653,0.004043642,14902.8297,5653.779591,0.81306887,7000.490942,0.37,0.2,3.79,0.79,QPS,203465909
77.88685104,168,2.249217511,0.146307476,44.3784984,11.36595058,0.772926027,4.323193481,0.72,0.44,1.56,0.09,QPD,203542463
720.7452723,13,2.78584177,0.116798293,447.6521582,53.38301899,0.594382388,40.31112439,0.5,0.56,1.84,0.1,QPD,203559274
1047.763707,584,0.341758572,0.052666672,1000.907699,186.8292435,0.70314497,78.93392263,1,-0.36,95.25,0.04,U,203604427
7781.746582,28,0.837534216,0.029239057,4886.757773,1660.886338,0.798969004,1687.722435,0.78,-0.13,3.29,0.49,QPS,203637940
10286.5,14,0.86860005,0.310876845,148756.2161,2029.25,0.809482029,7580.88876,0.48,-0.39,2.63,0.003,QPS,203649927
4397.097666,115,10.54002368,0.00095175,5069.245669,424.9009032,0.5648939,369.5007104,1,1.04,47.57,0.08,APD,203664569
415.9694102,16,1.197724782,0.06679606,966.2512648,98.00098356,0.792366564,76.5445531,0.55,0.11,1.81,0.02,MP,203690414
1129.934471,39,1.024787482,0.009659078,885.4817043,407.5233546,0.831827072,422.2039098,0.24,0.01,4.9,0.09,QPS,203703016
26605.63983,31,0.902964482,0.003387814,69520.94338,8135.361854,0.823688485,11115.53774,0.38,-0.11,3.73,0.03,MP,203710077
2218.078636,23,2.102191408,0.021381532,1096.598254,406.6924339,0.761283817,556.715886,0.53,0.52,3.29,0.13,QPD,203712588
7105.568548,40,0.505431242,0.03307171,5074.931961,1090.851658,0.661448281,1146.505714,0.83,-0.42,31.08,0.46,B,203716389
5956.574621,21,0.76076657,0.053315646,2905.424863,1066.381616,0.788835466,945.2792561,0.87,-0.28,10.95,0.26,B,203725791
9829.498725,16,2.998585168,0.019398087,4337.757382,1603.66064,0.558570175,1651.585557,0.91,0.72,11.16,0.18,APD,203749770
8107.266214,18,1.694961724,0.023540784,4395.035829,1353.482152,0.723287986,1117.499019,0.9,0.37,4.94,0.29,APD,203750883
433.6799731,15,2.005304735,0.036699685,177.9721977,74.08801455,0.772152548,38.72946471,0.42,0.47,1.81,0.08,QPD,203770366
2340.605852,99,1.586813653,0.006138702,2065.325449,572.045649,0.773795089,375.7942414,0.34,0.32,12.5,0.19,QPS,203770559
394.7027373,23,1.138865201,0.025013101,347.0880628,152.187218,0.84805034,198.9117803,0.07,0.1,2.29,0.07,P,203770673
14016,8,0.695097446,0.654608607,534823.6037,2865,0.800325311,19019.21278,0.29,-0.39,1.95,0.002,QPS,203774126
1022.226152,74,1.90323989,0.002339233,856.8837721,378.8952363,0.833848233,224.7887831,0.17,0.49,8.93,0.18,QPD,203785905
876.7332458,106,0.483181716,0.04457751,627.8728669,188.17671,0.780790348,132.3866151,1,-0.59,35.65,0.11,B,203786695
148.652665,413,1.929060204,0.051275358,157.932783,34.72806426,0.760611613,13.46001971,0.43,0.06,1.28,0.09,QPS,203789325
509.4438306,19,0.532062303,0.18053079,214.0523146,26.28577808,0.657956956,20.4223074,0.97,-0.41,29.89,0.14,B,203789507
9016.445285,23,1.911762616,0.010683158,6470.758209,1639.716001,0.688918755,2344.308879,0.84,0.37,4,0.72,APD,203791768
7321.422887,74,0.615558643,0.010365106,5913.794745,1527.606447,0.800402703,1214.838459,0.55,-0.25,4.46,0.47,B,203794605
636.1368948,128,0.891885579,0.007723357,600.3141779,223.3019572,0.809219531,105.9022511,0.3,-0.06,14.71,0.1,QPS,203797163
295.4879119,717,0.540560312,0.032880278,157.2425724,75.59102697,0.829456833,15.44858607,0.55,0.12,1.26,0.07,MP,203801323
7963.778574,102,4.133043449,0.00239532,5702.250306,1077.559317,0.724605473,1028.260796,0.97,1.1,7.31,0.2,APD,203806628
180800.9611,43,1.031805009,0.007607462,89407.33447,34121.51982,0.469167183,31700.23902,0.56,0.08,4.24,0.56,QPD,203810851
4808.405687,69,0.727053697,0.014342684,3652.298524,894.8272383,0.783634481,682.6217793,0.84,-0.29,20.33,0.31,B,203822485
238.5602965,740,1.481043031,0.033199242,120.4229984,69.48112805,0.864331757,8.732138117,0.56,-0.12,0.68,0.17,MP,203822946
2642.590786,99,0.788494096,0.001727792,2196.014755,745.6995119,0.757878194,398.3560588,0.59,0.32,11.9,0.28,QPD,203824153
399.7250291,638,1.573601006,0.008181604,369.031657,165.7560804,0.860049405,90.2604467,0.07,0.03,3.97,0.09,P,203826403
21175.22802,56,0.734794311,0.002831411,17702.61891,4267.329251,0.730741471,4177.631159,0.83,-0.18,14.55,0.38,S,203833873
238.3730879,28,0.898573682,0.036729514,180.6291514,51.30254689,0.815508627,71.49882552,0.3,-0.06,2.63,0.17,QPS,203837701
40.18670414,46,0.752610099,0.26313314,29.44395543,4.65434678,0.788757485,3.904040021,0.87,-0.13,50.36,0.22,S,203842632
132.4104852,10,2.778713804,0.074959084,68.85376322,21.35067124,0.758633196,6.888048181,0.53,0.69,1.35,0.14,QPD,203843009
27016.55207,52,1.048478271,0.001833052,22478.32461,8161.22265,0.780733964,7317.415421,0.31,0.1,8.93,0.35,QPD,203843911
851.1133951,72,0.791739592,0.009259776,1353.836493,345.2149037,0.789666855,236.0635826,0.17,-0.13,8.06,0.05,QPS,203848625
203.9751711,812,1.940392601,0.00959046,247.8456757,89.15892282,0.913073339,13.43210799,1,0.03,78.76,0.07,L,203848661
19.93688896,211,1.290053007,0.422219792,12.95323566,3.912986175,0.8006528,1.986298681,0.84,0.14,39.64,0.23,QPS,203849739
439.0528546,34,1.061957692,0.017516134,275.2589862,80.80231992,0.76942381,88.53288124,0.66,0.03,2.87,0.22,QPD,203850058
19792.89666,32,0.744410356,0.001952783,18142.0685,6124.08636,0.672002471,8596.81026,0.38,-0.14,3.91,0.18,MP,203850605
2138.270427,47,1.069359552,0.018535647,2758.572916,428.7446074,0.642013175,506.1241181,0.42,0.07,3.52,0.04,MP,203851860
138.2903569,124,1.139135992,0.055568621,116.9915794,23.52418678,0.741733896,22.66218651,1,-0.3,79.48,0.12,B,203852282
364.8725145,87,0.182724321,0.100569547,259.7327791,31.45285513,0.624468589,23.14052959,0.92,-1,55.84,0.1,B,203856109
719.3528658,40,0.889318514,0.014412462,482.4572089,203.0153583,0.795688042,152.924894,0.7,0.29,4.03,0.08,QPD,203856244
1276.314562,53,1.531637864,0.002104464,945.5102187,455.3416926,0.85635295,373.3408604,0.08,0.4,6.25,0.2,QPD,203860592
69.38406986,16,1.890923047,0.486922152,19.82259319,6.50920328,0.733026567,5.708554806,0.67,0.38,4.31,0.16,QPD,203862309
24.3246991,42,0.703434243,0.662015008,17.19540402,2.61243705,0.763138445,1.946170216,0.75,-0.14,4.1,0.14,QPS,203863066
95.30528617,26,0.800616761,0.048312164,71.33424629,14.30674251,0.75510528,13.80528807,0.93,-0.25,13.22,0.56,B,203864032
310.0780259,666,1.221862865,0.012003458,247.8681708,132.9805734,0.849738349,65.5166446,0.13,-0.12,3.16,0.09,P,203867167
211.8958605,85,0.584380309,0.023498637,172.8545364,38.21319354,0.786414987,32.1517974,0.57,-0.24,12.5,0.18,QPS,203870022
777.1068837,45,0.77599021,0.006992248,542.8773164,209.4663432,0.830787319,153.8029429,0.96,-0.19,10.24,0.24,S,203870058
23269.5,26,0.721403679,0.175019281,304580.8955,5085.75,0.80106316,13691.39424,1,-0.03,7.4,0.004,N,203876897
98.72176905,21,0.695377393,0.074115927,68.76919475,26.19896067,0.809262748,5.671102176,0.08,-0.09,1.62,0.13,P,203877533
3060.713832,744,0.906683738,0.08215836,24822.79263,888.9703807,0.843368723,951.3314573,0.66,0.13,0.28,0.02,MP,203881373
73.56212695,25,1.130905559,0.137118944,48.82238388,17.06966336,0.798558909,20.30511785,0.6,0.05,2.4,0.52,QPS,203881640
201.1509794,52,4.802709126,0.031899784,141.1873034,28.52272716,0.707738459,37.52853586,0.38,0.96,6.76,0.21,QPD,203887087
1838.34029,53,0.813592785,0.06124587,1911.709738,326.9701956,0.765131348,263.5005827,0.94,-0.13,8.19,0.05,S,203889938
15.01209895,76,0.486985715,0.994980772,9.123316173,1.952855205,0.752604348,0.914814399,1,-0.14,77.8,0.21,U,203891751
6045.659488,663,2.276266243,0.00033976,5647.607298,1974.012045,0.790587957,703.391484,1,0.6,24.38,0.31,APD,203892903
96.07841836,31,12.22547843,0.044778175,96.63648419,5.80782299,0.328832565,5.710269604,1,0.26,8.34,0.14,APD,203893434
154.0507731,47,0.385766204,0.057838732,191.5468494,28.7291122,0.185022244,37.39061984,0.56,-0.43,3.97,0.19,QPS,203893891
19.19793205,215,0.361234467,0.482436395,13.09232076,2.54157239,0.765140006,0.839431748,0.71,-0.16,1.36,0.12,QPS,203895738
11479.49679,23,1.122029631,0.010045504,7575.705228,2231.053438,0.78972549,2796.053962,0.74,0.08,2.45,0.11,QPS,203895983
145.1685428,834,1.120457064,0.021645452,158.0503539,60.49161677,0.846343287,9.340834409,1,0.19,21.68,0.08,L,203896277
16999.63954,64,0.388965461,0.021959104,12404.80415,3080.622954,0.708985341,2849.606758,0.61,-0.83,5.95,0.48,B,203899786
20.9441413,110,1.517694274,0.783940152,14.54480532,3.17608297,0.757032021,1.309561552,0.95,-0.04,23.54,0.08,N,203904213
422.2854224,132,0.419995259,0.009572659,327.4883809,85.47947295,0.814804927,72.60984918,1,-0.66,23.82,2.11,B,203905576
28956.63153,123,0.734867197,0.016819733,26138.57791,6824.284877,0.75028539,4184.431705,1,-0.31,24.07,0.18,B,203905625
530.3738403,16,0.686229563,0.01370951,210.8219792,156.5489818,0.827644983,114.8331071,0.36,-0.29,1.89,1.13,QPS,203905980
16.33183885,19,1.068094736,0.762367702,5.790502781,3.06992428,0.78077633,0.804072124,0.77,0,1.41,0.16,QPS,203912136
589.3289936,61,0.516828495,0.009270007,403.3912308,119.2781413,0.799700339,104.5842078,0.82,-0.11,28.05,0.44,S,203912674
16195.60785,183,0.968715269,0.015796945,14066.72791,4450.980319,0.789693035,2211.583581,1,-0.37,13.53,0.26,S,203913804
85.43920371,185,1.040557412,0.323235338,51.71086255,11.84352737,0.754396815,8.58530558,1,0.04,37.86,0.08,U,203914960
440.8882422,22,0.823028538,0.019514149,228.2199685,79.35695484,0.778627574,115.7597318,0.42,-0.06,2.87,0.36,QPS,203915424
759.7758192,760,2.125334656,0.01250247,2240.003244,301.7851117,0.839975016,106.8717758,1,0.1,6.93,0.03,L,203916376
128.2310634,20,1.133890307,0.025874327,88.34181338,31.20728648,0.804823184,34.31623596,0.71,0.09,2.58,0.38,QPS,203917608
119.7865335,248,3.828586428,0.080290268,93.21377894,19.30288473,0.724537666,12.83275928,0.94,0.86,64.67,0.2,APD,203919315
13.37055989,193,0.692155216,0.963222478,7.620790717,2.31428446,0.795650907,0.633599007,1,-0.04,12.77,0.69,N,203920354
88.95910131,812,0.800626913,0.134173823,60.71951159,37.11202267,0.919591347,5.143007142,1,0.02,40.29,0.09,N,203923185
9741.958523,32,1.375659233,0.00308815,9912.755705,3015.819059,0.855943569,3959.175956,0.18,0.27,3.47,0.07,P,203924502
346.5639362,485,1.213875823,0.003241318,335.6520956,85.32389828,0.773335821,14.33793758,1,0.09,37.51,0.36,L,203925443
27.9791963,66,1.535084182,0.250381906,18.20802231,4.55025057,0.794506471,3.280048106,0.88,-0.12,9.3,0.46,S,203926424
19278.68467,280,2.439486323,0.007830076,15198.06145,4214.065746,0.74184717,1222.763335,0.5,0.58,0.69,0.17,APD,203927902
5027.936442,36,0.397869416,0.003552759,4539.444774,1576.397146,0.762081293,1752.937493,0.54,-0.66,4.39,2.41,B,203928175
167.1637019,40,0.763310097,0.024374543,140.0797217,49.87708876,0.819609157,63.65876054,0.2,-0.07,3.57,0.12,QPS,203929332
89425.59388,40,0.947243542,0.004178826,66731.67646,11517.95727,0.605233147,13443.16419,0.88,-0.11,21.02,0.11,S,203930599
1770.851247,8,1.128479464,0.757589241,28791.47143,238.7712621,0.746825323,1208.417866,0.97,0.1,41.25,0.002,N,203931628
754.8511529,818,1.19097368,0.004927894,823.1296966,352.8769758,0.898629352,132.5416012,0.49,0.35,2.38,0.08,QPD,203933268
2279.83139,54,0.795740907,0.003670564,3773.043095,640.7214158,0.811526597,644.8640571,0.74,-0.15,5.81,0.03,QPS,203934728
26901.70822,49,0.613875319,0.024034339,21422.23307,5637.970739,0.642186087,5375.686631,1,-0.31,19.78,0.13,B,203935537
1859.751093,55,2.993653215,0.001950672,1504.065844,468.3086865,0.751819814,454.5725832,0.66,0.79,8.93,0.55,QPD,203936815
6162.968041,24,4.042861612,0.009834515,4811.291046,816.5042199,0.655249723,1386.448754,0.85,0.81,7.8,0.07,APD,203937317
161.5636655,16,0.75770504,0.265190257,140.6582577,37.63216932,0.822236568,10.94676573,0.31,-0.06,1.61,0.07,QPS,203938167
17.15599131,43,0.7517887,0.571637093,12.49450823,3.008191045,0.793981184,2.703511928,0.8,-0.05,2.55,0.11,QPS,203938591
1691.020124,735,1.303916603,0.008773225,5362.948433,765.1844095,0.846615379,403.083859,0.59,-0.06,2.05,0.02,MP,203941868
52.93180277,588,0.588742674,0.338691645,107.988996,13.21061992,0.809671488,4.970926052,1,-0.09,69.22,0.04,N,203943710
194.9407853,177,1.371199084,0.21140715,158.9639503,10.66585188,0.718859482,12.58012615,1,-0.22,31.85,0.14,N,203945512
13.88022925,4,0.960731023,1.294281336,6.219400378,1.9413975,0.78012472,1.387402636,0.84,0,28.69,0.16,S,203946909
95.31804435,401,2.25928797,0.078671756,98.79095662,26.47731163,0.839423549,7.344606237,1,-0.18,45.89,0.06,L,203947305
2804.763542,80,5.000147874,0.004535411,2665.699751,337.8682481,0.683586621,395.9876427,0.94,0.8,8.09,0.13,APD,203950167
471.8661185,337,0.260459203,0.004882891,1065.324868,104.1206863,0.740148465,76.98217476,1,-0.83,34.45,0.17,B,203953466
9019.500234,70,0.035761725,0.002709223,8520.931245,243.6875866,0.720538661,669.8482286,0.61,-1.35,20.83,2.17,B,203954898
500.3547384,724,1.580747209,0.004823811,642.438901,164.3080106,0.814118846,50.78513738,1,0.19,34.78,0.07,L,203955457
78.42154226,15,1.180562803,0.407727669,38.01588844,14.63627401,0.797725182,3.415991398,0.53,0.24,0.68,0.09,MP,203956650
251.827494,35,2.13858295,0.018638274,188.7861477,42.36869451,0.667453079,48.16885146,0.88,0.51,15.94,0.41,APD,203962599
288.6926708,37,2.772016128,0.030807183,181.6267092,51.652995,0.74941465,57.84661634,0.74,0.68,4.9,0.44,QPD,203969672
1211.771731,39,1.063394578,0.010253904,2124.046092,303.3219339,0.813153518,404.5409147,0.45,0.07,3.38,0.04,QPS,203969721
22.66770362,13,1.115964465,0.250817754,13.28282174,6.49995078,0.807028106,5.112634234,0.84,0.14,3.68,0.31,S,203971352
241.0279941,59,1.146252169,0.033772504,535.908347,88.31871979,0.838786795,77.70301764,0.23,0.12,6.41,0.04,QPS,203972079
1305.011364,8,0.829107705,0.028161859,644.290609,570.6703871,0.85211885,55.51970374,0.09,-0.07,0.82,0.11,P,203981774
190.0320171,755,2.220291994,0.015899922,187.9676962,76.14229179,0.85804033,10.71893877,1,0.07,78.76,0.08,L,203982074
452.3430946,656,1.81596326,0.01337005,848.6762657,154.1840596,0.851042227,98.2763293,0.57,0.09,6.41,0.04,QPS,203987773
3219.394502,40,2.440475409,0.003608653,2335.878153,771.0105428,0.713818364,844.4593837,0.53,0.67,5.1,0.41,QPD,203995761
105.1737746,19,0.463374753,0.203713804,67.48784504,15.46913936,0.772883975,8.910142429,0.69,-0.31,1.41,0.06,QPS,204078097
269.9075771,11,0.698569143,0.360769425,171.0100325,42.23391546,0.061269239,20.97931148,0.6,-0.21,1.66,0.05,QPS,204094503
95.17678167,14,1.480205939,0.168333124,61.92227057,9.49704517,0.695135164,5.677684363,0.88,0.55,3.23,0.13,APD,204107757
54.2088121,10,1.117078088,0.668078932,24.65779263,7.94150473,0.774788202,4.091628421,0.61,0.06,1.21,0.11,QPS,204108293
20804.14144,17,0.641137118,0.035155532,8479.433431,3957.281553,0.785708044,3647.631801,0.85,-0.35,10.67,0.98,B,204130613
2573.094724,22,9.243965792,0.005491537,1699.177237,210.9213671,0.649555664,696.3191702,0.58,1.24,2.63,0.21,QPD,204137184
4110.097815,40,1.462249748,0.005434215,2796.006938,862.7537612,0.671828896,823.3196742,0.58,0.3,6.94,0.42,QPD,204142243
36754.89208,19,1.209484044,0.006600159,69143.15426,13029.06722,0.840696205,6050.59772,0.42,0.11,1.72,0.05,QPS,204147776
3389.513629,25,0.643280156,0.004137261,2994.931494,997.8728167,0.80360754,1359.086872,0.46,-0.2,2.81,0.13,QPS,204160652
2013.597926,306,0.307788311,0.037799142,1271.097747,354.6783979,0.750054655,219.9748781,1,-0.55,28.18,0.12,B,204161056
62109.26689,51,2.310690418,0.002759087,52332.93731,17986.60514,0.776338777,15513.80532,0.91,0.63,7.93,0.54,APD,204176565
10630.6539,473,3.014425263,0.041774753,8023.366279,2003.205474,0.763678669,979.2875111,0.72,-0.19,2.21,0.4,QPS,204181799
1924.186093,57,0.94844226,0.001968132,1879.737518,1158.755387,0.844906788,765.3956729,0.04,-0.04,6.76,0.14,P,204182919
4687.615417,58,0.808017277,0.004239876,4455.308791,1482.49015,0.738546734,1085.978873,1,-0.14,17.2,1.62,S,204187094
8995.426754,63,0.825092968,0.020376082,7468.850541,2223.44703,0.78888633,1792.370985,0.75,-0.22,5.95,0.07,B,204187469
4270.799557,151,0.643395647,0.00058585,6447.664415,1461.315576,0.800558438,580.6429621,0.19,-0.31,15.62,0.07,QPS,204193996
10620.38314,111,1.660886166,0.012859538,7813.026952,2827.552575,0.760763334,1583.809856,0.45,0.35,14.71,0.23,QPD,204206295
779.5638388,11,2.188495095,0.045817489,415.1075569,100.2911965,0.697001994,112.1138119,0.88,0.52,16.57,0.16,QPD,204211116
1599.116977,64,0.505447648,0.015160135,1110.095412,387.9922461,0.807305914,296.6322432,1,-0.53,20.17,0.27,B,204226548
148.7195287,18,0.582467278,0.159806904,152.095955,24.25520077,0.754891527,21.75090398,0.95,-0.37,10.3,0.05,B,204231861
6581.004176,106,0.499806284,0.027028759,4210.644786,715.1382187,0.723386878,598.4401874,0.85,-0.82,39.29,0.59,B,204233955
69742,71,0.663004967,0.013897752,2455831.735,22622.5,0.817875889,134707.5737,0.47,-0.03,4.24,0.01,QPS,204239132
139764.6898,44,3.059644761,0.007073989,101662.5463,24834.02849,0.722144904,23736.60689,0.95,0.75,30.61,0.11,APD,204245509
202.7766599,18,1.950055572,0.167848926,214.3694625,24.74118671,0.675354085,18.33954566,0.9,0.4,30.44,0.03,APD,204248645
31.49931957,20,0.596131539,0.318297568,12.90689959,5.76420224,0.790124218,2.953139956,0.7,-0.19,1.34,0.15,QPS,204250417
5504.092001,20,2.311789113,0.010093704,3155.20333,972.9742248,0.745957892,1461.760015,0.54,0.5,3.29,0.14,QPD,204256494
168.2108398,15,0.896166172,0.186605817,347.469179,29.7135569,0.817147327,26.84527934,0.32,-0.09,1.87,0.02,QPS,204262368
433.0197372,848,1.306270891,0.011590378,375.7099609,217.6514841,0.912600819,24.11952001,0.42,-0.48,1.75,0.08,QPS,204268916
2538.801957,41,1.878293182,0.002663367,2168.085693,806.4774469,0.700701067,825.3757126,0.24,0.57,5.1,0.49,QPD,204274536
1060.623259,9,1.925937633,0.030307403,530.2360294,261.3614218,0.782435145,111.0712081,0.57,0.46,1.77,0.18,QPD,204274743
11793.36926,23,0.785855901,0.019313128,8557.136139,3037.472263,0.808851905,3894.625973,0.52,-0.14,2.55,0.67,QPS,204277211
7659.671254,59,4.146928785,0.013325619,6302.140189,691.7472998,0.637036519,851.2288803,0.86,0.78,39.68,0.1,APD,204278916
86126.375,62,2.301725904,0.009679449,140733.0546,11867.87,0.707233406,12556.52037,0.94,0.4,18.51,0.04,APD,204281210
1790.132863,18,1.757194535,0.019094172,799.2425146,325.0590365,0.754267591,327.9216129,0.74,0.4,2.52,0.18,QPD,204290918
162.2200054,330,1.530775682,0.158878857,101.6997637,26.68524718,0.771750328,11.10458621,0.74,-0.22,1.59,0.16,QPS,204317053
361.5177488,10,1.698618453,0.060613797,203.3734617,50.81590098,0.739094922,47.17912136,0.61,0.3,2.15,0.08,QPD,204329690
81000.64935,55,0.256922722,0.004371311,63162.77349,10570.51552,0.640251869,10989.08098,0.91,-0.72,11.2,0.36,B,204342099
78.03360434,209,1.035084967,0.328939173,35.22245833,15.98081172,0.820688872,4.72991718,0.73,0.29,1.82,0.17,QPD,204344180
1187.347283,30,0.169993344,0.038605067,512.8908764,33.68120566,0.569908148,60.44891845,0.75,-1.1,6.94,0.24,B,204347422
264.9559791,780,1.329389943,0.026109671,231.9866535,89.83273086,0.874988448,14.86143046,0.66,0.2,1.58,0.08,QPS,204347824
118.8721277,20,0.887965495,0.111293803,231.8898556,24.48749182,0.767420392,21.43381472,0.62,-0.07,1.89,0.03,QPS,204360645
3106.904045,30,0.461182947,0.029090894,1872.269347,544.4445565,0.79976109,475.5258725,0.87,-0.49,26.4,0.24,B,204360807
27.0441361,224,1.277290021,0.339994419,49.6365755,6.14579515,0.809998502,2.866342555,0.62,0.07,1.94,0.07,QPS,204365840
12533.625,20,2.228938348,0.617898142,179019.8743,1206.25,0.661324476,6410.215187,0.68,-0.14,1.97,0.002,MP,204372172
1247.673364,30,1.207128627,0.006335615,1076.98249,400.3386658,0.805178695,393.8605467,0.95,0.12,5.76,0.91,S,204388640
2244.956529,31,0.662512745,0.122848334,1226.334274,388.4425538,0.776610366,300.6702037,0.89,-0.28,27.48,0.15,B,204395393
287.6727952,183,0.354507425,0.044243951,274.1366814,48.89776826,0.700758953,23.6177228,0.59,-0.68,1.64,0.07,B,204397408
898.8938198,712,1.390902196,0.0045266,1290.939666,359.5031508,0.790251062,117.2380978,0.39,0.32,3.68,0.1,QPD,204397879
4615.427189,107,0.55333505,0.004183968,4387.841176,1013.692944,0.71632833,603.1252877,0.21,0.04,13.16,0.07,QPS,204398857
583524.125,214,5.073619266,0.0029586,482251.783,93747,0.767678584,87846.31966,0.98,1.1,14.87,0.17,APD,204399980
280.0872734,724,0.481807504,0.027844037,287.130395,79.19098853,0.845539779,24.26775501,0.78,-0.12,1.79,0.1,QPS,204401119
3563.693808,16,1.811658487,0.039047551,1837.652069,470.639172,0.730424331,615.2603365,0.68,0.36,3.29,0.13,QPD,204408707
2273.566746,27,31.90415833,0.007368912,2524.722473,86.43536058,0.29214934,62.7974808,0.47,0.11,1.76,0.05,QPS,204409463
252.0992823,23,0.947138199,0.254732207,470.6552691,42.46561367,0.790161313,44.84126977,0.46,-0.03,1.97,0.02,QPS,204413641
1134.181823,36,1.042685164,0.044297862,2394.189494,196.6017658,0.595444404,205.0658865,0.89,0,5.19,0.02,S,204428864
230.8923337,550,1.558494783,0.034975808,354.8293882,54.45555306,0.819523063,15.01165739,0.41,-0.26,1.59,0.05,QPS,204434363
151.7789343,22,0.639388707,0.112014854,122.1631391,35.85585277,0.806692399,19.23537147,0.65,-0.2,1.4,0.07,QPS,204435866
1283.554704,287,0.197234462,0.008903068,1002.425111,226.2300457,0.786542571,141.7288814,1,-0.93,8.3,0.22,B,204440603
10311.54409,75,0.62365434,0.000792314,16265.7722,4100.338204,0.860168272,3053.789016,0.2,-0.33,9.62,0.07,QPS,204447221
171.1299183,89,0.511088904,0.075777923,99.09816708,17.37289963,0.71399982,7.925056796,0.83,-0.22,70.57,0.1,QPD,204449274
661.4842417,31,1.345045696,0.017330534,667.349869,114.6421676,0.780277474,71.84830906,0.55,0.32,1.87,0.04,QPD,204449389
166.2564959,18,1.196145069,0.034061147,103.6639773,54.63464116,0.82163836,24.24958658,0.12,0.11,1.81,0.1,P,204467371
3588.123023,13,0.739061124,0.017170266,1092.635274,207.6834706,0.707898912,177.6457145,0.61,0.62,2.07,0.09,QPD,204467584
4549.354465,28,3.870551196,0.009649764,2788.276058,405.555013,0.527200907,395.0515048,0.9,0.5,4.54,0.14,APD,204469637
538.5190241,13,1.774350369,0.082790448,492.5313986,58.28748484,0.652030019,49.93395726,0.94,0.26,11.91,0.06,APD,204472612
527.3626398,7,1.773469031,0.071421505,320.2078995,90.8960405,0.734432321,72.09971327,0.93,0.37,8.95,0.18,APD,204487447
690.0936781,9,4.263671692,0.042505384,249.4112354,63.76690225,0.63751189,51.0995871,0.83,0.74,3.35,0.16,APD,204489514
161.3569805,23,1.002269317,0.075439974,225.7866419,43.59992157,0.802873554,36.89968929,0.2,0.02,1.97,0.05,QPS,204495624
2205.430323,9,1.595923873,0.04634222,780.0049661,419.5077398,0.75261559,230.8959853,0.75,0.36,1.8,0.36,QPD,204496657
179.655507,26,1.004933909,0.037951034,250.8142679,55.24450312,0.795411507,50.98224722,0.12,-0.02,2.03,0.05,P,204501712
475.6922245,750,0.834369063,0.015124827,582.9655677,168.8291807,0.861752845,37.94219476,0.84,-0.16,12.18,0.05,QPS,204508462
14398.74206,80,6.053308761,0.004522306,13086.13675,2463.793045,0.647151339,2401.298665,0.88,0.98,7.52,0.66,APD,204512343
1329872.875,115,2.192228986,0.001393318,1057698.401,393273,0.810947384,246896.117,0.89,0.52,7.33,0.41,APD,204514546
900.0128773,404,3.367425524,0.01655865,714.0719863,145.454278,0.783704173,73.26960601,0.86,0.89,55.66,0.09,APD,204530046
385.4836305,16,1.31938124,0.062866006,209.7699936,51.63125714,0.726915906,22.12501268,0.82,0.26,61.21,0.11,QPD,204538777
520.9930621,9,0.87870176,0.067510057,242.8658795,115.57507,0.798922921,45.82747415,0.78,-0.06,1.55,0.46,QPS,204565982
71.76404801,685,1.291688647,0.185338615,73.95879711,20.74343158,0.849303801,5.220153124,0.68,0,1.71,0.05,MP,204578601
213.169648,20,0.891658736,0.206712324,387.0791653,26.09422388,0.687051428,28.63274382,0.78,0.24,1.91,0.03,QPD,204581550
60.82713874,596,0.869949866,0.105345387,60.92708193,17.77791938,0.852534173,4.842665874,0.46,-0.14,1.74,0.06,QPS,204584778
502.9118945,163,0.968632769,0.033326517,477.3291179,106.1864456,0.777315471,76.53649638,0.96,-0.39,15.08,0.1,B,204602441
975.2078543,19,0.477409932,0.026137576,697.4403599,122.5699837,0.753904818,149.2344388,0.9,-0.41,24.62,0.13,B,204607034
434.5828336,19,1.036060664,0.023741083,673.3663598,149.6175015,0.851559175,65.8161189,0.18,0.03,1.77,0.05,P,204611292
1472.715741,31,1.535845642,0.028793547,1923.904803,291.6534624,0.718480322,334.5553134,0.77,0.3,7.81,0.05,APD,204615647
13223.59515,49,0.937894824,0.016738341,8201.582464,2698.878531,0.818883682,2369.343487,0.47,-0.07,6.58,0.09,QPS,204630363
5273.093999,10,0.927653142,0.026137277,1967.070278,1205.998079,0.712479684,395.5157403,0.46,0.03,1.05,0.12,MP,204637622
121940.7103,33,3.617600687,0.005618195,102830.2151,24303.28584,0.646069242,28875.41642,0.9,0.89,15.08,0.45,APD,204638512
198.1063074,19,1.874989387,0.055492867,180.5456133,14.53810008,0.577665544,10.88042527,0.8,-0.24,4.92,0.09,QPS,204651122
8431,29,0.840493868,0.196969481,154614.1351,1809.625,0.806920286,5999.629082,1.01,-0.08,41.35,0.003,N,204662993
763.3274571,12,1.478558544,0.04896039,693.4517459,118.4690598,0.754506971,151.8093077,0.86,0.2,3.6,0.04,APD,204757338
80.32408008,17,0.929661379,0.356414835,90.67900212,16.69370881,0.776116694,7.199838307,0.42,-0.03,1.64,0.05,QPS,204769599
781.2984068,17,1.069674624,0.040281157,340.5704914,86.50714928,0.752167848,76.90212995,0.53,0.02,1.92,0.07,QPS,204776782
3497.440154,17,2.368463427,0.017419053,2347.698179,778.7787948,0.778413716,946.9952107,0.65,0.64,2.17,0.37,QPD,204807722
121.8480895,19,1.412522247,0.18343228,322.0278451,25.48095275,0.814966598,16.3836108,0.74,-0.02,1.66,0.02,QPS,204810161
179.9601776,7,2.612225504,0.158795343,66.94991316,24.06745877,0.740053396,12.3413792,0.73,0.58,1.7,0.16,QPD,204811478
8443.78345,82,1.016981912,0.000536363,9932.252054,5286.344509,0.87224691,2609.941046,0.02,0.02,9.26,0.18,P,204817605
42850.78398,92,0.562524372,0.004251901,32804.50666,11568.70899,0.789912025,6939.906421,1,-0.67,34.57,1.14,B,204830786
821.4762186,44,1.37364142,0.049750403,1098.326971,197.3892012,0.776179564,241.5425055,0.31,0.22,4.24,0.04,QPS,204832936
2592.606725,598,2.069753949,0.002808812,3245.084899,715.0454227,0.808309798,213.510245,1,0.42,58.15,0.14,APD,204856535
503.0852676,15,0.836846948,0.04420824,514.2088094,160.0581236,0.828233343,120.411852,0.35,0.02,1.91,0.04,MP,204860656
33101.80249,30,1.357419643,0.006704942,22093.73006,7694.301623,0.784327759,7281.772813,0.84,0.21,8.36,0.19,APD,204864076
123.7544818,379,0.507786993,0.170376904,587.2095167,24.59983882,0.781865144,41.08146334,1,-0.05,74.86,0.01,N,204870258
33.06098692,8,1.29176312,0.399516164,20.23184763,5.57123265,0.750876108,3.089766358,0.9,0.15,12.57,0.11,APD,204871202
268.9035369,9,2.370426307,0.07372397,83.86006858,41.07349853,0.756880672,20.88213125,0.91,0.54,5.93,0.16,APD,204871862
94844.15105,519,1.102274236,5.34E-06,96146.20198,51577.72728,0.892011031,3590.633329,1,0,72.94,0.9,L,204874314
618.4831958,14,2.252967954,0.038880459,263.8374392,84.31932763,0.714540177,52.85829034,0.79,0.47,1.7,0.08,QPD,204894208
727.0887486,15,0.514310887,0.040003059,369.8670702,136.7683594,0.774202813,136.2628531,0.93,-0.47,8.38,0.16,B,204906020
14086.23556,89,0.413877707,0.039510689,10979.14081,2377.074017,0.787055669,1788.268197,0.76,-0.59,19.23,0.35,B,204908189
2168.540968,25,2.292163954,0.013527728,1225.605742,308.1761222,0.718944478,422.6291902,0.75,0.52,2.32,0.09,QPD,204932990
342.8605568,12,0.64892999,0.099786762,222.6978554,33.87499469,0.684702402,22.83470437,0.76,-0.17,1.55,0.05,QPS,204933717
23540.29959,34,1.774064862,0.004198905,20717.65561,7232.886757,0.804042859,8407.733795,0.85,0.45,8.3,0.46,QPD,204939243
84.52024517,28,0.62113288,0.304945372,203.4352614,11.07151415,0.745540002,10.90532945,0.86,-0.26,8.7,0.01,QPS,204940701
24858,26,0.663409594,0.404075122,978187.1568,4334,0.786452674,38032.47905,0.84,-0.29,37.08,0.001,S,204951022
1464891,31,3.801910549,0.003110839,2761270.151,197302,0.714940138,308662.7594,0.19,0.32,3.91,0.03,P,204964091
7519.023678,15,1.580390687,0.014464018,4568.727165,2043.782632,0.758225352,2222.628479,0.61,0.34,2.4,0.96,QPD,204982702
1346.737473,50,1.18015815,0.007039942,2089.633386,399.9153014,0.800682185,482.8608949,0.24,0.06,3.2,0.05,QPS,205000676
1265.997768,105,0.363687176,0.005345509,969.10735,227.2253857,0.785416563,175.9404462,1,-0.68,39.11,0.39,B,205008727
571.3844389,34,0.876132344,0.065839941,879.384868,133.3092895,0.756368056,190.4553494,0.15,-0.08,3.01,0.04,P,205024407
1364.031765,36,1.40707142,0.028808554,1799.892259,271.5052727,0.761367169,238.0215744,0.87,0.26,22.9,0.03,APD,205037578
822.515883,34,1.120909275,0.009727217,1205.371701,390.6002068,0.868011642,454.2125375,0.09,0.02,3.85,0.06,P,205038557
24677.54502,53,1.59668565,0.001140589,30910.51429,6429.802799,0.835815759,6718.028632,0.33,0.32,5.32,0.06,QPD,205051240
265.2955035,32,0.461662158,0.055806024,120.3690233,39.75831238,0.747798389,30.58083595,1,-0.51,72.25,0.14,B,205061092
548.6896434,21,0.911502239,0.018130505,319.4034438,107.0477821,0.814814044,142.9566403,0.3,-0.04,2.43,0.08,QPS,205063210
37232,28,7.118455643,0.088907461,606115.8102,2762,0.521819794,22440.88412,0.96,-0.14,34.69,0.001,N,205064383
601.5011554,11,2.157437709,0.109609595,395.5465465,74.02624799,0.712783949,60.2305443,0.93,0.45,17.37,0.07,APD,205068630
18138.33556,26,1.265394693,0.008506897,16476.24707,3036.72896,0.676588125,4517.571338,0.68,0.21,5.32,0.25,APD,205080616
567.3225681,16,5.47350925,0.054200322,518.7277868,43.50595909,0.31263888,44.27149203,0.73,0.71,1.75,0.15,QPD,205086621
358.4093305,114,0.350717695,0.027354666,217.7168989,45.04468063,0.682225803,35.9573052,1,-0.57,16.96,0.19,B,205088645
754.7670966,131,0.716671532,0.209466788,474.7954037,159.5599226,0.189603989,31.37338019,0.58,-0.12,0.36,0.1,MP,205091879
293.6727562,14,1.372856692,0.127421836,147.0975975,48.22133425,0.767750425,31.9639908,0.68,0.3,1.72,0.11,QPD,205092303
90709.15724,70,0.873668446,0.005349672,80730.93356,24826.78194,0.759883434,17673.37387,0.9,-0.1,18.02,1.13,S,205110000
89.6412908,16,1.10766651,0.082509134,36.02499336,17.29857695,0.783713788,13.26568058,0.88,0.13,28.56,0.38,APD,205115701
98.93575107,377,1.227365744,0.151120951,159.2626191,16.5887493,0.705773943,7.008761023,0.76,0.14,1.76,0.04,QPS,205145188
20802.93749,59,4.124777932,0.003003026,14351.31886,3032.224085,0.67226597,3360.183414,0.59,0.87,10,0.24,APD,205151387
1076.359775,17,0.470761359,0.039023547,527.2670197,113.4132403,0.5231186,61.47934876,0.21,-0.1,1.81,0.05,P,205152244
14803.30946,55,0.449030054,0.001445743,12889.09614,5193.881309,0.883064545,5052.225691,0.07,-0.63,6.94,0.2,P,205154017
310.8504797,101,0.053535425,0.0267973,426.7108595,18.25358201,0.595223652,30.9169091,1,-1.01,7.03,0.05,B,205156547
38909.50476,100,0.850979631,0.001783901,33828.87162,14831.41115,0.765632228,8141.177097,0.87,-0.11,13.18,1.47,S,205158239
33942.9752,216,1.41097613,0.000957009,31351.16739,7905.60963,0.729604929,5334.248568,1,0.18,24.4,0.74,S,205160565
9047.217334,56,0.909069623,0.000881959,9661.276774,4441.31474,0.875081433,3253.984187,0.14,-0.06,6.58,0.15,P,205164892
108.548483,14,2.55491869,0.117533404,42.94492774,17.50274472,0.750346776,12.68635834,0.98,0.61,17.55,0.2,APD,205164999
1751.335835,17,0.449155846,0.026429145,732.5797536,208.217888,0.740085148,180.0831276,0.73,-0.49,1.8,0.13,S,205165965
1737.852281,48,0.995732162,0.007923491,2248.821584,415.9308029,0.792968413,393.0825215,0.74,0.02,2.6,0.05,QPS,205179845
13076.99724,43,0.713808561,0.010343038,9746.911658,2084.924256,0.746092221,2633.020035,0.82,0.05,68.85,0.16,S,205182200
271.5134317,204,0.939491744,0.046317775,177.2343754,60.70102984,0.800729234,30.97582093,0.79,-0.02,1.91,0.12,QPS,205198363
23.4217678,488,0.929989016,0.335148828,19.14228067,5.72307631,0.837918507,1.250327065,0.71,-0.03,0.91,0.13,QPS,205208701
2205.595524,21,2.184129208,0.009854475,2199.755927,308.1386232,0.734854165,341.3938213,0.87,0.47,7.89,0.16,APD,205218826
33257.17417,81,1.279363617,0.004957324,28504.62994,10465.54948,0.787841995,6394.282216,0.57,0.23,9.26,0.23,QPD,205238942
1516.778545,16,5.09884543,0.017793647,701.1145036,123.1993537,0.601616813,223.1899661,0.82,0.86,7.07,0.28,QPD,205241182
240538.0215,117,0.987554785,0.003179646,230018.4263,68770.19532,0.7435706,42168.24247,1,-0.05,51.77,0.85,S,205249328
695.2404814,114,1.686580976,0.018408815,1009.991252,156.879698,0.78187517,126.7667819,1,0.33,21.04,0.04,APD,205345560
472.251375,27,0.665262356,0.049840856,905.9034441,107.8340706,0.850279114,171.6388777,0.22,-0.31,2.91,0.02,QPS,205364526
460.4048,45,1.237307129,0.014100116,782.7791349,137.5827245,0.793168962,168.8205631,0.2,0.06,3.68,0.04,QPS,205366676
2682.682136,61,0.967889769,0.007069619,5394.559025,990.1609186,0.845667698,793.816694,0.21,-0.06,6.1,0.05,QPS,205375290
1503.201598,21,2.070674461,0.037809345,838.9654162,188.4098534,0.72497004,209.2456855,0.69,0.47,2.03,0.45,QPD,205383125
971.1993856,30,4.442226683,0.023575539,781.7290466,97.58283851,0.651805907,130.1629884,0.94,0.74,19.27,0.04,APD,205519771
105952.834,44,1.307466623,0.003099558,93684.3087,27727.96076,0.726926626,28990.61306,0.7,0.17,3.29,1.18,QPS,205684783
4335.785627,22,1.056997635,0.018408965,4071.64826,902.9931424,0.793608175,1216.294266,0.28,-0.02,2.21,0.16,QPS,210282528
20384.47266,56,0.687614347,0.002931,16977.13081,4159.608681,0.759423442,4100.161482,0.83,-0.2,14.55,0.4,S,210282534
